0,ham,Subject: ,0
1,ham,Subject: ,0
2,ham,Subject: ,0
3,ham,Subject: ,0
4,ham,Subject: ,0
5,ham,Subject: ,0
6,ham,Subject: ,0
7,ham,Subject: ,0
8,ham,Subject: ,0
9,ham,Subject: ,0
10,ham,Subject: ,0
11,ham,Subject: ,0
12,ham,Subject: ,0
13,ham,Subject: ,0
14,ham,Subject: ,0
15,ham,Subject: ,0
16,ham,Subject: ,0
17,ham,Subject: ,0
18,ham,Subject: ,0
19,ham,Subject: ,0
20,ham,Subject: ,0
21,ham,Subject: ,0
22,ham,Subject: ,0
23,ham,Subject: ,0
24,ham,Subject: ,0
25,ham,Subject: ,0
26,ham,Subject: ,0
27,ham,Subject: ,0
28,ham,Subject: ,0
29,ham,Subject: ,0
30,ham,Subject: ,0
31,ham,Subject: ,0
32,ham,Subject: ,0
33,ham,Subject: ,0
34,ham,Subject: ,0
35,ham,Subject: ,0
36,ham,Subject: ,0
37,ham,Subject: ,0
38,ham,Subject: ,0
39,ham,Subject: ,0
40,ham,Subject: ,0
41,ham,Subject: ,0
42,ham,Subject: ,0
43,ham,Subject: ,0
44,ham,Subject: ,0
45,ham,Subject: ,0
46,ham,Subject: ,0
47,ham,Subject: ,0
48,ham,Subject: ,0
49,ham,Subject: ,0
50,ham,Subject: ,0
51,ham,Subject: ,0
52,ham,Subject: ,0
53,ham,Subject: ,0
54,ham,Subject: ,0
55,ham,Subject: ,0
56,ham,Subject: ,0
57,ham,Subject: ,0
58,ham,Subject: ,0
59,ham,Subject: ,0
60,ham,Subject: ,0
61,ham,Subject: ,0
62,ham,Subject: ,0
63,ham,Subject: ,0
64,ham,Subject: ,0
65,ham,Subject: ,0
66,ham,Subject: ,0
67,ham,Subject: ,0
68,ham,Subject: ,0
69,ham,Subject: ,0
70,ham,Subject: ,0
71,ham,Subject: ,0
72,ham,Subject: ,0
73,ham,Subject: ,0
74,ham,Subject: ,0
75,ham,Subject: ,0
76,ham,Subject: ,0
77,ham,Subject: ,0
78,ham,Subject: ,0
79,ham,Subject: ,0
80,ham,Subject: ,0
81,ham,Subject: ,0
82,ham,Subject: ,0
83,ham,Subject: ,0
84,ham,Subject: ,0
85,ham,Subject: ,0
86,ham,Subject: ,0
87,ham,Subject: ,0
88,ham,Subject: ,0
89,ham,Subject: ,0
90,ham,Subject: ,0
91,ham,Subject: ,0
92,ham,Subject: ,0
93,ham,Subject: ,0
94,ham,Subject: ,0
95,ham,Subject: ,0
96,ham,Subject: ,0
97,ham,Subject: ,0
98,ham,Subject: ,0
99,ham,Subject: ,0
100,ham,Subject: ,0
101,ham,Subject: ,0
102,ham,Subject: ,0
103,ham,Subject: ,0
104,ham,Subject: ,0
105,ham,Subject: ,0
106,ham,Subject: ,0
107,ham,Subject: ,0
108,ham,Subject: ,0
109,ham,Subject: ,0
110,ham,Subject: ,0
111,ham,Subject: ,0
112,ham,Subject: ,0
113,ham,Subject: ,0
114,ham,Subject: ,0
115,ham,Subject: ,0
116,ham,Subject: ,0
117,ham,Subject: ,0
118,ham,Subject: ,0
119,ham,Subject: ,0
120,ham,Subject: ,0
121,ham,Subject: ,0
122,ham,Subject: ,0
123,ham,Subject: ,0
124,ham,Subject: ,0
125,ham,Subject: ,0
126,ham,Subject: ,0
127,ham,Subject: ,0
128,ham,Subject: ,0
129,ham,Subject: ,0
130,ham,Iamham,0
131,ham,Subject: ,0
132,ham,Subject: ,0
133,ham,Subject: ,0
134,ham,Subject: ,0
135,ham,Subject: ,0
136,ham,Subject: ,0
137,ham,Subject: ,0
138,ham,Subject: ,0
139,ham,Subject: ,0
140,ham,Subject: ,0
141,ham,Subject: ,0
142,ham,Subject: ,0
143,ham,Subject: ,0
144,ham,Subject: ,0
145,ham,Subject: ,0
146,ham,Subject: ,0
147,ham,Subject: ,0
148,ham,Subject: ,0
149,ham,Subject: ,0
150,ham,Subject: ,0
151,ham,Subject: ,0
152,ham,Subject: ,0
153,ham,Subject: ,0
154,ham,Subject: ,0
155,ham,Subject: ,0
156,ham,Subject: ,0
157,ham,Subject: ,0
158,ham,Subject: ,0
159,ham,Subject: ,0
160,ham,Subject: ,0
161,ham,Subject: ,0
162,ham,Subject: ,0
163,ham,Subject: ,0
164,ham,Subject: ,0
165,ham,Subject: ,0
166,ham,Subject: ,0
167,ham,Subject: ,0
168,ham,Subject: ,0
169,ham,Subject: ,0
170,ham,Subject: ,0
171,ham,Subject: ,0
172,ham,Subject: ,0
173,ham,Subject: ,0
174,ham,Subject: ,0
175,ham,Subject: ,0
176,ham,Subject: ,0
177,ham,Subject: ,0
178,ham,Subject: ,0
179,ham,Subject: ,0
180,ham,Subject: ,0
181,ham,Subject: ,0
182,ham,Subject: ,0
183,ham,Subject: ,0
184,ham,Subject: ,0
185,ham,Subject: ,0
186,ham,Subject: ,0
187,ham,Subject: ,0
188,ham,Subject: ,0
189,ham,Subject: ,0
190,ham,Subject: ,0
191,ham,Subject: ,0
192,ham,Subject: ,0
193,ham,Subject: ,0
194,ham,Subject: ,0
195,ham,Subject: ,0
196,ham,Subject: ,0
197,ham,Subject: ,0
198,ham,Subject: ,0
199,ham,Subject: ,0
200,ham,Subject: ,0
201,ham,Subject: ,0
202,ham,Subject: ,0
203,ham,Subject: ,0
204,ham,Subject: ,0
205,ham,Subject: ,0
206,ham,Subject: ,0
207,ham,Subject: ,0
208,ham,Subject: ,0
209,ham,Subject: ,0
210,ham,Subject: ,0
211,ham,Subject: ,0
212,ham,Subject: ,0
213,ham,Subject: ,0
214,ham,Subject: ,0
215,ham,Subject: ,0
216,ham,Subject: ,0
217,ham,Subject: ,0
218,ham,Subject: ,0
219,ham,Subject: ,0
220,ham,Subject: ,0
221,ham,Subject: ,0
222,ham,Subject: ,0
223,ham,Subject: ,0
224,ham,Subject: ,0
225,ham,Subject: ,0
226,ham,Subject: ,0
227,ham,Subject: ,0
228,ham,Subject: ,0
229,ham,Subject: ,0
230,ham,Subject: ,0
231,ham,Subject: ,0
232,ham,Subject: ,0
233,ham,Subject: ,0
234,ham,Subject: ,0
235,ham,Subject: ,0
236,ham,Subject: ,0
237,ham,Subject: ,0
238,ham,Subject: ,0
239,ham,Subject: ,0
240,ham,Subject: ,0
241,ham,Subject: ,0
242,ham,Subject: ,0
243,ham,Subject: ,0
244,ham,Subject: ,0
245,ham,Subject: ,0
246,ham,Subject: ,0
247,ham,Subject: ,0
248,ham,Subject: ,0
249,ham,Subject: ,0
250,ham,Subject: ,0
251,ham,Subject: ,0
252,ham,Subject: ,0
253,ham,Subject: ,0
254,ham,Subject: ,0
255,ham,Subject: ,0
256,ham,Subject: ,0
257,ham,Subject: ,0
258,ham,Subject: ,0
259,ham,Subject: ,0
260,ham,Subject: ,0
261,ham,Subject: ,0
262,ham,Subject: ,0
263,ham,Subject: ,0
264,ham,Subject: ,0
265,ham,Subject: ,0
266,ham,Subject: ,0
267,ham,Subject: ,0
268,ham,Subject: ,0
269,ham,Subject: ,0
270,ham,Subject: ,0
271,ham,Subject: ,0
272,ham,Subject: ,0
273,ham,Subject: ,0
274,ham,Subject: ,0
275,ham,Subject: ,0
276,ham,Subject: ,0
277,ham,Subject: ,0
278,ham,Subject: ,0
279,ham,Subject: ,0
280,ham,Subject: ,0
281,ham,Subject: ,0
282,ham,Subject: ,0
283,ham,Subject: ,0
284,ham,Subject: ,0
285,ham,Subject: ,0
286,ham,Subject: ,0
287,ham,Subject: ,0
288,ham,Subject: ,0
289,ham,Subject: ,0
290,ham,Subject: ,0
291,ham,Subject: ,0
292,ham,Subject: ,0
293,ham,Subject: ,0
294,ham,Subject: ,0
295,ham,Subject: ,0
296,ham,Subject: ,0
297,ham,Subject: ,0
298,ham,Subject: ,0
299,ham,Subject: ,0
300,ham,Subject: ,0
301,ham,Subject: ,0
302,ham,Subject: ,0
303,ham,Subject: ,0
304,ham,Subject: ,0
305,ham,Subject: ,0
306,ham,Subject: ,0
307,ham,Subject: ,0
308,ham,Subject: ,0
309,ham,Subject: ,0
310,ham,Subject: ,0
311,ham,Subject: ,0
312,ham,Subject: ,0
313,ham,Subject: ,0
314,ham,Subject: ,0
315,ham,Subject: ,0
316,ham,Subject: ,0
317,ham,Subject: ,0
318,ham,Subject: ,0
319,ham,Subject: ,0
320,ham,Subject: ,0
321,ham,Subject: ,0
322,ham,Subject: ,0
323,ham,Subject: ,0
324,ham,Subject: ,0
325,ham,Subject: ,0
326,ham,Subject: ,0
327,ham,Subject: ,0
328,ham,Subject: ,0
329,ham,Subject: ,0
330,ham,Subject: ,0
331,ham,Subject: ,0
332,ham,Subject: ,0
333,ham,Subject: ,0
334,ham,Subject: ,0
335,ham,Subject: ,0
336,ham,Subject: ,0
337,ham,Subject: ,0
338,ham,Subject: ,0
339,ham,Subject: ,0
340,ham,Subject: ,0
341,ham,Subject: ,0
342,ham,Subject: ,0
343,ham,Subject: ,0
344,ham,Subject: ,0
345,ham,Subject: ,0
346,ham,Subject: ,0
347,ham,Subject: ,0
348,ham,Subject: ,0
349,ham,Subject: ,0
350,ham,Subject: ,0
351,ham,Subject: ,0
352,ham,Subject: ,0
353,ham,Subject: ,0
354,ham,Subject: ,0
355,ham,Subject: ,0
356,ham,Subject: ,0
357,ham,Subject: ,0
358,ham,Subject: ,0
359,ham,Subject: ,0
360,ham,Subject: ,0
361,ham,Subject: ,0
362,ham,Subject: ,0
363,ham,Subject: ,0
364,ham,Subject: ,0
365,ham,Subject: ,0
366,ham,Subject: ,0
367,ham,Subject: ,0
368,ham,Subject: ,0
369,ham,Subject: ,0
370,ham,Subject: ,0
371,ham,Subject: ,0
372,ham,Subject: ,0
373,ham,Subject: ,0
374,ham,Subject: ,0
375,ham,Subject: ,0
376,ham,Subject: ,0
377,ham,Subject: ,0
378,ham,Subject: ,0
379,ham,Subject: ,0
380,ham,Subject: ,0
381,ham,Subject: ,0
382,ham,Subject: ,0
383,ham,Subject: ,0
384,ham,Subject: ,0
385,ham,Subject: ,0
386,ham,Subject: ,0
387,ham,Subject: ,0
388,ham,Subject: ,0
389,ham,Subject: ,0
390,ham,Subject: ,0
391,ham,Subject: ,0
392,ham,Subject: ,0
393,ham,Subject: ,0
394,ham,Subject: ,0
395,ham,Subject: ,0
396,ham,Subject: ,0
397,ham,Subject: ,0
398,ham,Subject: ,0
399,ham,Subject: ,0
400,ham,Subject: ,0
401,ham,Subject: ,0
402,ham,Subject: ,0
403,ham,Subject: ,0
404,ham,Subject: ,0
405,ham,Subject: ,0
406,ham,Subject: ,0
407,ham,Subject: ,0
408,ham,Subject: ,0
409,ham,Subject: ,0
410,ham,Subject: ,0
411,ham,Subject: ,0
412,ham,Subject: ,0
413,ham,Subject: ,0
414,ham,Subject: ,0
415,ham,Subject: ,0
416,ham,Subject: ,0
417,ham,Subject: ,0
418,ham,Subject: ,0
419,ham,Subject: ,0
420,ham,Subject: ,0
421,ham,Subject: ,0
422,ham,Subject: ,0
423,ham,Subject: ,0
424,ham,Subject: ,0
425,ham,Subject: ,0
426,ham,Subject: ,0
427,ham,Subject: ,0
428,ham,Subject: ,0
429,ham,Subject: ,0
430,ham,Subject: ,0
431,ham,Subject: ,0
432,ham,Subject: ,0
433,ham,Subject: ,0
434,ham,Subject: ,0
435,ham,Subject: ,0
436,ham,Subject: ,0
437,ham,Subject: ,0
438,ham,Subject: ,0
439,ham,Subject: ,0
440,ham,Subject: ,0
441,ham,Subject: ,0
442,ham,Subject: ,0
443,ham,Subject: ,0
444,ham,Subject: ,0
445,ham,Subject: ,0
446,ham,Subject: ,0
447,ham,Subject: ,0
448,ham,Subject: ,0
449,ham,Subject: ,0
450,ham,Subject: ,0
451,ham,Subject: ,0
452,ham,Subject: ,0
453,ham,Subject: ,0
454,ham,Subject: ,0
455,ham,Subject: ,0
456,ham,Subject: ,0
457,ham,Subject: ,0
458,ham,Subject: ,0
459,ham,Subject: ,0
460,ham,Subject: ,0
461,ham,Subject: ,0
462,ham,Subject: ,0
463,ham,Subject: ,0
464,ham,Subject: ,0
465,ham,Subject: ,0
466,ham,Subject: ,0
467,ham,Subject: ,0
468,ham,Subject: ,0
469,ham,Subject: ,0
470,ham,Subject: ,0
471,ham,Subject: ,0
472,ham,Subject: ,0
473,ham,Subject: ,0
474,ham,Subject: ,0
475,ham,Subject: ,0
476,ham,Subject: ,0
477,ham,Subject: ,0
478,ham,Subject: ,0
479,ham,Subject: ,0
480,ham,Subject: ,0
481,ham,Subject: ,0
482,ham,Subject: ,0
483,ham,Subject: ,0
484,ham,Subject: ,0
485,ham,Subject: ,0
486,ham,Subject: ,0
487,ham,Subject: ,0
488,ham,Subject: ,0
489,ham,Subject: ,0
490,ham,Subject: ,0
491,ham,Subject: ,0
492,ham,Subject: ,0
493,ham,Subject: ,0
494,ham,Subject: ,0
495,ham,Subject: ,0
496,ham,Subject: ,0
497,ham,Subject: ,0
498,ham,Subject: ,0
499,ham,Subject: ,0
500,ham,Subject: ,0
501,ham,Subject: ,0
502,ham,Subject: ,0
503,ham,Subject: ,0
504,ham,Subject: ,0
505,ham,Subject: ,0
506,ham,Subject: ,0
507,ham,Subject: ,0
508,ham,Subject: ,0
509,ham,Subject: ,0
510,ham,Subject: ,0
511,ham,Subject: ,0
512,ham,Subject: ,0
513,ham,Subject: ,0
514,ham,Subject: ,0
515,ham,Subject: ,0
516,ham,Subject: ,0
517,ham,Subject: ,0
518,ham,Subject: ,0
519,ham,Subject: ,0
520,ham,Subject: ,0
521,ham,Subject: ,0
522,ham,Subject: ,0
523,ham,Subject: ,0
524,ham,Subject: ,0
525,ham,Subject: ,0
526,ham,Subject: ,0
527,ham,Subject: ,0
528,ham,Subject: ,0
529,ham,Subject: ,0
530,ham,Subject: ,0
531,ham,Subject: ,0
532,ham,Subject: ,0
533,ham,Subject: ,0
534,ham,Subject: ,0
535,ham,Subject: ,0
536,ham,Subject: ,0
537,ham,Subject: ,0
538,ham,Subject: ,0
539,ham,Subject: ,0
540,ham,Subject: ,0
541,ham,Subject: ,0
542,ham,Subject: ,0
543,ham,Subject: ,0
544,ham,Subject: ,0
545,ham,Subject: ,0
546,ham,Subject: ,0
547,ham,Subject: ,0
548,ham,Subject: ,0
549,ham,Subject: ,0
550,ham,Subject: ,0
551,ham,Subject: ,0
552,ham,Subject: ,0
553,ham,Subject: ,0
554,ham,Subject: ,0
555,ham,Subject: ,0
556,ham,Subject: ,0
557,ham,Subject: ,0
558,ham,Subject: ,0
559,ham,Subject: ,0
560,ham,Subject: ,0
561,ham,Subject: ,0
562,ham,Subject: ,0
563,ham,Subject: ,0
564,ham,Subject: ,0
565,ham,Subject: ,0
566,ham,Subject: ,0
567,ham,Subject: ,0
568,ham,Subject: ,0
569,ham,Subject: ,0
570,ham,Subject: ,0
571,ham,Subject: ,0
572,ham,Subject: ,0
573,ham,Subject: ,0
574,ham,Subject: ,0
575,ham,Subject: ,0
576,ham,Subject: ,0
577,ham,Subject: ,0
578,ham,Subject: ,0
579,ham,Subject: ,0
580,ham,Subject: ,0
581,ham,Subject: ,0
582,ham,Subject: ,0
583,ham,Subject: ,0
584,ham,Subject: ,0
585,ham,Subject: ,0
586,ham,Subject: ,0
587,ham,Subject: ,0
588,ham,Subject: ,0
589,ham,Subject: ,0
590,ham,Subject: ,0
591,ham,Subject: ,0
592,ham,Subject: ,0
593,ham,Subject: ,0
594,ham,Subject: ,0
595,ham,Subject: ,0
596,ham,Subject: ,0
597,ham,Subject: ,0
598,ham,Subject: ,0
599,ham,Subject: ,0
600,ham,Subject: ,0
601,ham,Subject: ,0
602,ham,Subject: ,0
603,ham,Subject: ,0
604,ham,Subject: ,0
605,ham,Subject: ,0
606,ham,Subject: ,0
607,ham,Subject: ,0
608,ham,Subject: ,0
609,ham,Subject: ,0
610,ham,Subject: ,0
611,ham,Subject: ,0
612,ham,Subject: ,0
613,ham,Subject: ,0
614,ham,Subject: ,0
615,ham,Subject: ,0
616,ham,Subject: ,0
617,ham,Subject: ,0
618,ham,Subject: ,0
619,ham,Subject: ,0
620,ham,Subject: ,0
621,ham,Subject: ,0
622,ham,Subject: ,0
623,ham,Subject: ,0
624,ham,Subject: ,0
625,ham,Subject: ,0
626,ham,Subject: ,0
627,ham,Subject: ,0
628,ham,Subject: ,0
629,ham,Subject: ,0
630,ham,Subject: ,0
631,ham,Subject: ,0
632,ham,Subject: ,0
633,ham,Subject: ,0
634,ham,Subject: ,0
635,ham,Subject: ,0
636,ham,Subject: ,0
637,ham,Subject: ,0
638,ham,Subject: ,0
639,ham,Subject: ,0
640,ham,Subject: ,0
641,ham,Subject: ,0
642,ham,Subject: ,0
643,ham,Subject: ,0
644,ham,Subject: ,0
645,ham,Subject: ,0
646,ham,Subject: ,0
647,ham,Subject: ,0
648,ham,Subject: ,0
649,ham,Subject: ,0
650,ham,Subject: ,0
651,ham,Subject: ,0
652,ham,Subject: ,0
653,ham,Subject: ,0
654,ham,Subject: ,0
655,ham,Subject: ,0
656,ham,Subject: ,0
657,ham,Subject: ,0
658,ham,Subject: ,0
659,ham,Subject: ,0
660,ham,Subject: ,0
661,ham,Subject: ,0
662,ham,Subject: ,0
663,ham,Subject: ,0
664,ham,Subject: ,0
665,ham,Subject: ,0
666,ham,Subject: ,0
667,ham,Subject: ,0
668,ham,Subject: ,0
669,ham,Subject: ,0
670,ham,Subject: ,0
671,ham,Subject: ,0
672,ham,Subject: ,0
673,ham,Subject: ,0
674,ham,Subject: ,0
675,ham,Subject: ,0
676,ham,Subject: ,0
677,ham,Subject: ,0
678,ham,Subject: ,0
679,ham,Subject: ,0
680,ham,Subject: ,0
681,ham,Subject: ,0
682,ham,Subject: ,0
683,ham,Subject: ,0
684,ham,Subject: ,0
685,ham,Subject: ,0
686,ham,Subject: ,0
687,ham,Subject: ,0
688,ham,Subject: ,0
689,ham,Subject: ,0
690,ham,Subject: ,0
691,ham,Subject: ,0
692,ham,Subject: ,0
693,ham,Subject: ,0
694,ham,Subject: ,0
695,ham,Subject: ,0
696,ham,Subject: ,0
697,ham,Subject: ,0
698,ham,Subject: ,0
699,ham,Subject: ,0
700,ham,Subject: ,0
701,ham,Subject: ,0
702,ham,Subject: ,0
703,ham,Subject: ,0
704,ham,Subject: ,0
705,ham,Subject: ,0
706,ham,Subject: ,0
707,ham,Subject: ,0
708,ham,Subject: ,0
709,ham,Subject: ,0
710,ham,Subject: ,0
711,ham,Subject: ,0
712,ham,Subject: ,0
713,ham,Subject: ,0
714,ham,Subject: ,0
715,ham,Subject: ,0
716,ham,Subject: ,0
717,ham,Subject: ,0
718,ham,Subject: ,0
719,ham,Subject: ,0
720,ham,Subject: ,0
721,ham,Subject: ,0
722,ham,Subject: ,0
723,ham,Subject: ,0
724,ham,Subject: ,0
725,ham,Subject: ,0
726,ham,Subject: ,0
727,ham,Subject: ,0
728,ham,Subject: ,0
729,ham,Subject: ,0
730,ham,Subject: ,0
731,ham,Subject: ,0
732,ham,Subject: ,0
733,ham,Subject: ,0
734,ham,Subject: ,0
735,ham,Subject: ,0
736,ham,Subject: ,0
737,ham,Subject: ,0
738,ham,Subject: ,0
739,ham,Subject: ,0
740,ham,Subject: ,0
741,ham,Subject: ,0
742,ham,Subject: ,0
743,ham,Subject: ,0
744,ham,Subject: ,0
745,ham,Subject: ,0
746,ham,Subject: ,0
747,ham,Subject: ,0
748,ham,Subject: ,0
749,ham,Subject: ,0
750,ham,Subject: ,0
751,ham,Subject: ,0
752,ham,Subject: ,0
753,ham,Subject: ,0
754,ham,Subject: ,0
755,ham,Subject: ,0
756,ham,Subject: ,0
757,ham,Subject: ,0
758,ham,Subject: ,0
759,ham,Subject: ,0
760,ham,Subject: ,0
761,ham,Subject: ,0
762,ham,Subject: ,0
763,ham,Subject: ,0
764,ham,Subject: ,0
765,ham,Subject: ,0
766,ham,Subject: ,0
767,ham,Subject: ,0
768,ham,Subject: ,0
769,ham,Subject: ,0
770,ham,Subject: ,0
771,ham,Subject: ,0
772,ham,Subject: ,0
773,ham,Subject: ,0
774,ham,Subject: ,0
775,ham,Subject: ,0
776,ham,Subject: ,0
777,ham,Subject: ,0
778,ham,Subject: ,0
779,ham,Subject: ,0
780,ham,Subject: ,0
781,ham,Subject: ,0
782,ham,Subject: ,0
783,ham,Subject: ,0
784,ham,Subject: ,0
785,ham,Subject: ,0
786,ham,Subject: ,0
787,ham,Subject: ,0
788,ham,Subject: ,0
789,ham,Subject: ,0
790,ham,Subject: ,0
791,ham,Subject: ,0
792,ham,Subject: ,0
793,ham,Subject: ,0
794,ham,Subject: ,0
795,ham,Subject: ,0
796,ham,Subject: ,0
797,ham,Subject: ,0
798,ham,Subject: ,0
799,ham,Subject: ,0
800,ham,Subject: ,0
801,ham,Subject: ,0
802,ham,Subject: ,0
803,ham,Subject: ,0
804,ham,Subject: ,0
805,ham,Subject: ,0
806,ham,Subject: ,0
807,ham,Subject: ,0
808,ham,Subject: ,0
809,ham,Subject: ,0
810,ham,Subject: ,0
811,ham,Subject: ,0
812,ham,Subject: ,0
813,ham,Subject: ,0
814,ham,Subject: ,0
815,ham,Subject: ,0
816,ham,Subject: ,0
817,ham,Subject: ,0
818,ham,Subject: ,0
819,ham,Subject: ,0
820,ham,Subject: ,0
821,ham,Subject: ,0
822,ham,Subject: ,0
823,ham,Subject: ,0
824,ham,Subject: ,0
825,ham,Subject: ,0
826,ham,Subject: ,0
827,ham,Subject: ,0
828,ham,Subject: ,0
829,ham,Subject: ,0
830,ham,Subject: ,0
831,ham,Subject: ,0
832,ham,Subject: ,0
833,ham,Subject: ,0
834,ham,Subject: ,0
835,ham,Subject: ,0
836,ham,Subject: ,0
837,ham,Subject: ,0
838,ham,Subject: ,0
839,ham,Subject: ,0
840,ham,Subject: ,0
841,ham,Subject: ,0
842,ham,Subject: ,0
843,ham,Subject: ,0
844,ham,Subject: ,0
845,ham,Subject: ,0
846,ham,Subject: ,0
847,ham,Subject: ,0
848,ham,Subject: ,0
849,ham,Subject: ,0
850,ham,Subject: ,0
851,ham,Subject: ,0
852,ham,Subject: ,0
853,ham,Subject: ,0
854,ham,Subject: ,0
855,ham,Subject: ,0
856,ham,Subject: ,0
857,ham,Subject: ,0
858,ham,Subject: ,0
859,ham,Subject: ,0
860,ham,Subject: ,0
861,ham,Subject: ,0
862,ham,Subject: ,0
863,ham,Subject: ,0
864,ham,Subject: ,0
865,ham,Subject: ,0
866,ham,Subject: ,0
867,ham,Subject: ,0
868,ham,Subject: ,0
869,ham,Subject: ,0
870,ham,Subject: ,0
871,ham,Subject: ,0
872,ham,Subject: ,0
873,ham,Subject: ,0
874,ham,Subject: ,0
875,ham,Subject: ,0
876,ham,Subject: ,0
877,ham,Subject: ,0
878,ham,Subject: ,0
879,ham,Subject: ,0
880,ham,Subject: ,0
881,ham,Subject: ,0
882,ham,Subject: ,0
883,ham,Subject: ,0
884,ham,Subject: ,0
885,ham,Subject: ,0
886,ham,Subject: ,0
887,ham,Subject: ,0
888,ham,Subject: ,0
889,ham,Subject: ,0
890,ham,Subject: ,0
891,ham,Subject: ,0
892,ham,Subject: ,0
893,ham,Subject: ,0
894,ham,Subject: ,0
895,ham,Subject: ,0
896,ham,Subject: ,0
897,ham,Subject: ,0
898,ham,Subject: ,0
899,ham,Subject: ,0
900,ham,Subject: ,0
901,ham,Subject: ,0
902,ham,Subject: ,0
903,ham,Subject: ,0
904,ham,Subject: ,0
905,ham,Subject: ,0
906,ham,Subject: ,0
907,ham,Subject: ,0
908,ham,Subject: ,0
909,ham,Subject: ,0
910,ham,Subject: ,0
911,ham,Subject: ,0
912,ham,Subject: ,0
913,ham,Subject: ,0
914,ham,Subject: ,0
915,ham,Subject: ,0
916,ham,Subject: ,0
917,ham,Subject: ,0
918,ham,Subject: ,0
919,ham,Subject: ,0
920,ham,Subject: ,0
921,ham,Subject: ,0
922,ham,Subject: ,0
923,ham,Subject: ,0
924,ham,Subject: ,0
925,ham,Subject: ,0
926,ham,Subject: ,0
927,ham,Subject: ,0
928,ham,Subject: ,0
929,ham,Subject: ,0
930,ham,Subject: ,0
931,ham,Subject: ,0
932,ham,Subject: ,0
933,ham,Subject: ,0
934,ham,Subject: ,0
935,ham,Subject: ,0
936,ham,Subject: ,0
937,ham,Subject: ,0
938,ham,Subject: ,0
939,ham,Subject: ,0
940,ham,Subject: ,0
941,ham,Subject: ,0
942,ham,Subject: ,0
943,ham,Subject: ,0
944,ham,Subject: ,0
945,ham,Subject: ,0
946,ham,Subject: ,0
947,ham,Subject: ,0
948,ham,Subject: ,0
949,ham,Subject: ,0
950,ham,Subject: ,0
951,ham,Subject: ,0
952,ham,Subject: ,0
953,ham,Subject: ,0
954,ham,Subject: ,0
955,ham,Subject: ,0
956,ham,Subject: ,0
957,ham,Subject: ,0
958,ham,Subject: ,0
959,ham,Subject: ,0
960,ham,Subject: ,0
961,ham,Subject: ,0
962,ham,Subject: ,0
963,ham,Subject: ,0
964,ham,Subject: ,0
965,ham,Subject: ,0
966,ham,Subject: ,0
967,ham,Subject: ,0
968,ham,Subject: ,0
969,ham,Subject: ,0
970,ham,Subject: ,0
971,ham,Subject: ,0
972,ham,Subject: ,0
973,ham,Subject: ,0
974,ham,Subject: ,0
975,ham,Subject: ,0
976,ham,Subject: ,0
977,ham,Subject: ,0
978,ham,Subject: ,0
979,ham,Subject: ,0
980,ham,Subject: ,0
981,ham,Subject: ,0
982,ham,Subject: ,0
983,ham,Subject: ,0
984,ham,Subject: ,0
985,ham,Subject: ,0
986,ham,Subject: ,0
987,ham,Subject: ,0
988,ham,Subject: ,0
989,ham,Subject: ,0
990,ham,Subject: ,0
991,ham,Subject: ,0
992,ham,Subject: ,0
993,ham,Subject: ,0
994,ham,Subject: ,0
995,ham,Subject: ,0
996,ham,Subject: ,0
997,ham,Subject: ,0
998,ham,Subject: ,0
999,ham,Subject: ,0
1000,ham,Subject: ,0
1001,ham,Subject: ,0
1002,ham,Subject: ,0
1003,ham,Subject: ,0
1004,ham,Subject: ,0
1005,ham,Subject: ,0
1006,ham,Subject: ,0
1007,ham,Subject: ,0
1008,ham,Subject: ,0
1009,ham,Subject: ,0
1010,ham,Subject: ,0
1011,ham,Subject: ,0
1012,ham,Subject: ,0
1013,ham,Subject: ,0
1014,ham,Subject: ,0
1015,ham,Subject: ,0
1016,ham,Subject: ,0
1017,ham,Subject: ,0
1018,ham,Subject: ,0
1019,ham,Subject: ,0
1020,ham,Subject: ,0
1021,ham,Subject: ,0
1022,ham,Subject: ,0
1023,ham,Subject: ,0
1024,ham,Subject: ,0
1025,ham,Subject: ,0
1026,ham,Subject: ,0
1027,ham,Subject: ,0
1028,ham,Subject: ,0
1029,ham,Subject: ,0
1030,ham,Subject: ,0
1031,ham,Subject: ,0
1032,ham,Subject: ,0
1033,ham,Subject: ,0
1034,ham,Subject: ,0
1035,ham,Subject: ,0
1036,ham,Subject: ,0
1037,ham,Subject: ,0
1038,ham,Subject: ,0
1039,ham,Subject: ,0
1040,ham,Subject: ,0
1041,ham,Subject: ,0
1042,ham,Subject: ,0
1043,ham,Subject: ,0
1044,ham,Subject: ,0
1045,ham,Subject: ,0
1046,ham,Subject: ,0
1047,ham,Subject: ,0
1048,ham,Subject: ,0
1049,ham,Subject: ,0
1050,ham,Subject: ,0
1051,ham,Subject: ,0
1052,ham,Subject: ,0
1053,ham,Subject: ,0
1054,ham,Subject: ,0
1055,ham,Subject: ,0
1056,ham,Subject: ,0
1057,ham,Subject: ,0
1058,ham,Subject: ,0
1059,ham,Subject: ,0
1060,ham,Subject: ,0
1061,ham,Subject: ,0
1062,ham,Subject: ,0
1063,ham,Subject: ,0
1064,ham,Subject: ,0
1065,ham,Subject: ,0
1066,ham,Subject: ,0
1067,ham,Subject: ,0
1068,ham,Subject: ,0
1069,ham,Subject: ,0
1070,ham,Subject: ,0
1071,ham,Subject: ,0
1072,ham,Subject: ,0
1073,ham,Subject: ,0
1074,ham,Subject: ,0
1075,ham,Subject: ,0
1076,ham,Subject: ,0
1077,ham,Subject: ,0
1078,ham,Subject: ,0
1079,ham,Subject: ,0
1080,ham,Subject: ,0
1081,ham,Subject: ,0
1082,ham,Subject: ,0
1083,ham,Subject: ,0
1084,ham,Subject: ,0
1085,ham,Subject: ,0
1086,ham,Subject: ,0
1087,ham,Subject: ,0
1088,ham,Subject: ,0
1089,ham,Subject: ,0
1090,ham,Subject: ,0
1091,ham,Subject: ,0
1092,ham,Subject: ,0
1093,ham,Subject: ,0
1094,ham,Subject: ,0
1095,ham,Subject: ,0
1096,ham,Subject: ,0
1097,ham,Subject: ,0
1098,ham,Subject: ,0
1099,ham,Subject: ,0
1100,ham,Subject: ,0
1101,ham,Subject: ,0
1102,ham,Subject: ,0
1103,ham,Subject: ,0
1104,ham,Subject: ,0
1105,ham,Subject: ,0
1106,ham,Subject: ,0
1107,ham,Subject: ,0
1108,ham,Subject: ,0
1109,ham,Subject: ,0
1110,ham,Subject: ,0
1111,ham,Subject: ,0
1112,ham,Subject: ,0
1113,ham,Subject: ,0
1114,ham,Subject: ,0
1115,ham,Subject: ,0
1116,ham,Subject: ,0
1117,ham,Subject: ,0
1118,ham,Subject: ,0
1119,ham,Subject: ,0
1120,ham,Subject: ,0
1121,ham,Subject: ,0
1122,ham,Subject: ,0
1123,ham,Subject: ,0
1124,ham,Subject: ,0
1125,ham,Subject: ,0
1126,ham,Subject: ,0
1127,ham,Subject: ,0
1128,ham,Subject: ,0
1129,ham,Subject: ,0
1130,ham,Subject: ,0
1131,ham,Subject: ,0
1132,ham,Subject: ,0
1133,ham,Subject: ,0
1134,ham,Subject: ,0
1135,ham,Subject: ,0
1136,ham,Subject: ,0
1137,ham,Subject: ,0
1138,ham,Subject: ,0
1139,ham,Subject: ,0
1140,ham,Subject: ,0
1141,ham,Subject: ,0
1142,ham,Subject: ,0
1143,ham,Subject: ,0
1144,ham,Subject: ,0
1145,ham,Subject: ,0
1146,ham,Subject: ,0
1147,ham,Subject: ,0
1148,ham,Subject: ,0
1149,ham,Subject: ,0
1150,ham,Subject: ,0
1151,ham,Subject: ,0
1152,ham,Subject: ,0
1153,ham,Subject: ,0
1154,ham,Subject: ,0
1155,ham,Subject: ,0
1156,ham,Subject: ,0
1157,ham,Subject: ,0
1158,ham,Subject: ,0
1159,ham,Subject: ,0
1160,ham,Subject: ,0
1161,ham,Subject: ,0
1162,ham,Subject: ,0
1163,ham,Subject: ,0
1164,ham,Subject: ,0
1165,ham,Subject: ,0
1166,ham,Subject: ,0
1167,ham,Subject: ,0
1168,ham,Subject: ,0
1169,ham,Subject: ,0
1170,ham,Subject: ,0
1171,ham,Subject: ,0
1172,ham,Subject: ,0
1173,ham,Subject: ,0
1174,ham,Subject: ,0
1175,ham,Subject: ,0
1176,ham,Subject: ,0
1177,ham,Subject: ,0
1178,ham,Subject: ,0
1179,ham,Subject: ,0
1180,ham,Subject: ,0
1181,ham,Subject: ,0
1182,ham,Subject: ,0
1183,ham,Subject: ,0
1184,ham,Subject: ,0
1185,ham,Subject: ,0
1186,ham,Subject: ,0
1187,ham,Subject: ,0
1188,ham,Subject: ,0
1189,ham,Subject: ,0
1190,ham,Subject: ,0
1191,ham,Subject: ,0
1192,ham,Subject: ,0
1193,ham,Subject: ,0
1194,ham,Subject: ,0
1195,ham,Subject: ,0
1196,ham,Subject: ,0
1197,ham,Subject: ,0
1198,ham,Subject: ,0
1199,ham,Subject: ,0
1200,ham,Subject: ,0
1201,ham,Subject: ,0
1202,ham,Subject: ,0
1203,ham,Subject: ,0
1204,ham,Subject: ,0
1205,ham,Subject: ,0
1206,ham,Subject: ,0
1207,ham,Subject: ,0
1208,ham,Subject: ,0
1209,ham,Subject: ,0
1210,ham,Subject: ,0
1211,ham,Subject: ,0
1212,ham,Subject: ,0
1213,ham,Subject: ,0
1214,ham,Subject: ,0
1215,ham,Subject: ,0
1216,ham,Subject: ,0
1217,ham,Subject: ,0
1218,ham,Subject: ,0
1219,ham,Subject: ,0
1220,ham,Subject: ,0
1221,ham,Subject: ,0
1222,ham,Subject: ,0
1223,ham,Subject: ,0
1224,ham,Subject: ,0
1225,ham,Subject: ,0
1226,ham,Subject: ,0
1227,ham,Subject: ,0
1228,ham,Subject: ,0
1229,ham,Subject: ,0
1230,ham,Subject: ,0
1231,ham,Subject: ,0
1232,ham,Subject: ,0
1233,ham,Subject: ,0
1234,ham,Subject: ,0
1235,ham,Subject: ,0
1236,ham,Subject: ,0
1237,ham,Subject: ,0
1238,ham,Subject: ,0
1239,ham,Subject: ,0
1240,ham,Subject: ,0
1241,ham,Subject: ,0
1242,ham,Subject: ,0
1243,ham,Subject: ,0
1244,ham,Subject: ,0
1245,ham,Subject: ,0
1246,ham,Subject: ,0
1247,ham,Subject: ,0
1248,ham,Subject: ,0
1249,ham,Subject: ,0
1250,ham,Subject: ,0
1251,ham,Subject: ,0
1252,ham,Subject: ,0
1253,ham,Subject: ,0
1254,ham,Subject: ,0
1255,ham,Subject: ,0
1256,ham,Subject: ,0
1257,ham,Subject: ,0
1258,ham,Subject: ,0
1259,ham,Subject: ,0
1260,ham,Subject: ,0
1261,ham,Subject: ,0
1262,ham,Subject: ,0
1263,ham,Subject: ,0
1264,ham,Subject: ,0
1265,ham,Subject: ,0
1266,ham,Subject: ,0
1267,ham,Subject: ,0
1268,ham,Subject: ,0
1269,ham,Subject: ,0
1270,ham,Subject: ,0
1271,ham,Subject: ,0
1272,ham,Subject: ,0
1273,ham,Subject: ,0
1274,ham,Subject: ,0
1275,ham,Subject: ,0
1276,ham,Subject: ,0
1277,ham,Subject: ,0
1278,ham,Subject: ,0
1279,ham,Subject: ,0
1280,ham,Subject: ,0
1281,ham,Subject: ,0
1282,ham,Subject: ,0
1283,ham,Subject: ,0
1284,ham,Subject: ,0
1285,ham,Subject: ,0
1286,ham,Subject: ,0
1287,ham,Subject: ,0
1288,ham,Subject: ,0
1289,ham,Subject: ,0
1290,ham,Subject: ,0
1291,ham,Subject: ,0
1292,ham,Subject: ,0
1293,ham,Subject: ,0
1294,ham,Subject: ,0
1295,ham,Subject: ,0
1296,ham,Subject: ,0
1297,ham,Subject: ,0
1298,ham,Subject: ,0
1299,ham,Subject: ,0
1300,ham,Subject: ,0
1301,ham,Subject: ,0
1302,ham,Subject: ,0
1303,ham,Subject: ,0
1304,ham,Subject: ,0
1305,ham,Subject: ,0
1306,ham,Subject: ,0
1307,ham,Subject: ,0
1308,ham,Subject: ,0
1309,ham,Subject: ,0
1310,ham,Subject: ,0
1311,ham,Subject: ,0
1312,ham,Subject: ,0
1313,ham,Subject: ,0
1314,ham,Subject: ,0
1315,ham,Subject: ,0
1316,ham,Subject: ,0
1317,ham,Subject: ,0
1318,ham,Subject: ,0
1319,ham,Subject: ,0
1320,ham,Subject: ,0
1321,ham,Subject: ,0
1322,ham,Subject: ,0
1323,ham,Subject: ,0
1324,ham,Subject: ,0
1325,ham,Subject: ,0
1326,ham,Subject: ,0
1327,ham,Subject: ,0
1328,ham,Subject: ,0
1329,ham,Subject: ,0
1330,ham,Subject: ,0
1331,ham,Subject: ,0
1332,ham,Subject: ,0
1333,ham,Subject: ,0
1334,ham,Subject: ,0
1335,ham,Subject: ,0
1336,ham,Subject: ,0
1337,ham,Subject: ,0
1338,ham,Subject: ,0
1339,ham,Subject: ,0
1340,ham,Subject: ,0
1341,ham,Subject: ,0
1342,ham,Subject: ,0
1343,ham,Subject: ,0
1344,ham,Subject: ,0
1345,ham,Subject: ,0
1346,ham,Subject: ,0
1347,ham,Subject: ,0
1348,ham,Subject: ,0
1349,ham,Subject: ,0
1350,ham,Subject: ,0
1351,ham,Subject: ,0
1352,ham,Subject: ,0
1353,ham,Subject: ,0
1354,ham,Subject: ,0
1355,ham,Subject: ,0
1356,ham,Subject: ,0
1357,ham,Subject: ,0
1358,ham,Subject: ,0
1359,ham,Subject: ,0
1360,ham,Subject: ,0
1361,ham,Subject: ,0
1362,ham,Subject: ,0
1363,ham,Subject: ,0
1364,ham,Subject: ,0
1365,ham,Subject: ,0
1366,ham,Subject: ,0
1367,ham,Subject: ,0
1368,ham,Subject: ,0
1369,ham,Subject: ,0
1370,ham,Subject: ,0
1371,ham,Subject: ,0
1372,ham,Subject: ,0
1373,ham,Subject: ,0
1374,ham,Subject: ,0
1375,ham,Subject: ,0
1376,ham,Subject: ,0
1377,ham,Subject: ,0
1378,ham,Subject: ,0
1379,ham,Subject: ,0
1380,ham,Subject: ,0
1381,ham,Subject: ,0
1382,ham,Subject: ,0
1383,ham,Subject: ,0
1384,ham,Subject: ,0
1385,ham,Subject: ,0
1386,ham,Subject: ,0
1387,ham,Subject: ,0
1388,ham,Subject: ,0
1389,ham,Subject: ,0
1390,ham,Subject: ,0
1391,ham,Subject: ,0
1392,ham,Subject: ,0
1393,ham,Subject: ,0
1394,ham,Subject: ,0
1395,ham,Subject: ,0
1396,ham,Subject: ,0
1397,ham,Subject: ,0
1398,ham,Subject: ,0
1399,ham,Subject: ,0
1400,ham,Subject: ,0
1401,ham,Subject: ,0
1402,ham,Subject: ,0
1403,ham,Subject: ,0
1404,ham,Subject: ,0
1405,ham,Subject: ,0
1406,ham,Subject: ,0
1407,ham,Subject: ,0
1408,ham,Subject: ,0
1409,ham,Subject: ,0
1410,ham,Subject: ,0
1411,ham,Subject: ,0
1412,ham,Subject: ,0
1413,ham,Subject: ,0
1414,ham,Subject: ,0
1415,ham,Subject: ,0
1416,ham,Subject: ,0
1417,ham,Subject: ,0
1418,ham,Subject: ,0
1419,ham,Subject: ,0
1420,ham,Subject: ,0
1421,ham,Subject: ,0
1422,ham,Subject: ,0
1423,ham,Subject: ,0
1424,ham,Subject: ,0
1425,ham,Subject: ,0
1426,ham,Subject: ,0
1427,ham,Subject: ,0
1428,ham,Subject: ,0
1429,ham,Subject: ,0
1430,ham,Subject: ,0
1431,ham,Subject: ,0
1432,ham,Subject: ,0
1433,ham,Subject: ,0
1434,ham,Subject: ,0
1435,ham,Subject: ,0
1436,ham,Subject: ,0
1437,ham,Subject: ,0
1438,ham,Subject: ,0
1439,ham,Subject: ,0
1440,ham,Subject: ,0
1441,ham,Subject: ,0
1442,ham,Subject: ,0
1443,ham,Subject: ,0
1444,ham,Subject: ,0
1445,ham,Subject: ,0
1446,ham,Subject: ,0
1447,ham,Subject: ,0
1448,ham,Subject: ,0
1449,ham,Subject: ,0
1450,ham,Subject: ,0
1451,ham,Subject: ,0
1452,ham,Subject: ,0
1453,ham,Subject: ,0
1454,ham,Subject: ,0
1455,ham,Subject: ,0
1456,ham,Subject: ,0
1457,ham,Subject: ,0
1458,ham,Subject: ,0
1459,ham,Subject: ,0
1460,ham,Subject: ,0
1461,ham,Subject: ,0
1462,ham,Subject: ,0
1463,ham,Subject: ,0
1464,ham,Subject: ,0
1465,ham,Subject: ,0
1466,ham,Subject: ,0
1467,ham,Subject: ,0
1468,ham,Subject: ,0
1469,ham,Subject: ,0
1470,ham,Subject: ,0
1471,ham,Subject: ,0
1472,ham,Subject: ,0
1473,ham,Subject: ,0
1474,ham,Subject: ,0
1475,ham,Subject: ,0
1476,ham,Subject: ,0
1477,ham,Subject: ,0
1478,ham,Subject: ,0
1479,ham,Subject: ,0
1480,ham,Subject: ,0
1481,ham,Subject: ,0
1482,ham,Subject: ,0
1483,ham,Subject: ,0
1484,ham,Subject: ,0
1485,ham,Subject: ,0
1486,ham,Subject: ,0
1487,ham,Subject: ,0
1488,ham,Subject: ,0
1489,ham,Subject: ,0
1490,ham,Subject: ,0
1491,ham,Subject: ,0
1492,ham,Subject: ,0
1493,ham,Subject: ,0
1494,ham,Subject: ,0
1495,ham,Subject: ,0
1496,ham,Subject: ,0
1497,ham,Subject: ,0
1498,ham,Subject: ,0
1499,ham,Subject: ,0
1500,ham,Subject: ,0
1501,ham,Subject: ,0
1502,ham,Subject: ,0
1503,ham,Subject: ,0
1504,ham,Subject: ,0
1505,ham,Subject: ,0
1506,ham,Subject: ,0
1507,ham,Subject: ,0
1508,ham,Subject: ,0
1509,ham,Subject: ,0
1510,ham,Subject: ,0
1511,ham,Subject: ,0
1512,ham,Subject: ,0
1513,ham,Subject: ,0
1514,ham,Subject: ,0
1515,ham,Subject: ,0
1516,ham,Subject: ,0
1517,ham,Subject: ,0
1518,ham,Subject: ,0
1519,ham,Subject: ,0
1520,ham,Subject: ,0
1521,ham,Subject: ,0
1522,ham,Subject: ,0
1523,ham,Subject: ,0
1524,ham,Subject: ,0
1525,ham,Subject: ,0
1526,ham,Subject: ,0
1527,ham,Subject: ,0
1528,ham,Subject: ,0
1529,ham,Subject: ,0
1530,ham,Subject: ,0
1531,ham,Subject: ,0
1532,ham,Subject: ,0
1533,ham,Subject: ,0
1534,ham,Subject: ,0
1535,ham,Subject: ,0
1536,ham,Subject: ,0
1537,ham,Subject: ,0
1538,ham,Subject: ,0
1539,ham,Subject: ,0
1540,ham,Subject: ,0
1541,ham,Subject: ,0
1542,ham,Subject: ,0
1543,ham,Subject: ,0
1544,ham,Subject: ,0
1545,ham,Subject: ,0
1546,ham,Subject: ,0
1547,ham,Subject: ,0
1548,ham,Subject: ,0
1549,ham,Subject: ,0
1550,ham,Subject: ,0
1551,ham,Subject: ,0
1552,ham,Subject: ,0
1553,ham,Subject: ,0
1554,ham,Subject: ,0
1555,ham,Subject: ,0
1556,ham,Subject: ,0
1557,ham,Subject: ,0
1558,ham,Subject: ,0
1559,ham,Subject: ,0
1560,ham,Subject: ,0
1561,ham,Subject: ,0
1562,ham,Subject: ,0
1563,ham,Subject: ,0
1564,ham,Subject: ,0
1565,ham,Subject: ,0
1566,ham,Subject: ,0
1567,ham,Subject: ,0
1568,ham,Subject: ,0
1569,ham,Subject: ,0
1570,ham,Subject: ,0
1571,ham,Subject: ,0
1572,ham,Subject: ,0
1573,ham,Subject: ,0
1574,ham,Subject: ,0
1575,ham,Subject: ,0
1576,ham,Subject: ,0
1577,ham,Subject: ,0
1578,ham,Subject: ,0
1579,ham,Subject: ,0
1580,ham,Subject: ,0
1581,ham,Subject: ,0
1582,ham,Subject: ,0
1583,ham,Subject: ,0
1584,ham,Subject: ,0
1585,ham,Subject: ,0
1586,ham,Subject: ,0
1587,ham,Subject: ,0
1588,ham,Subject: ,0
1589,ham,Subject: ,0
1590,ham,Subject: ,0
1591,ham,Subject: ,0
1592,ham,Subject: ,0
1593,ham,Subject: ,0
1594,ham,Subject: ,0
1595,ham,Subject: ,0
1596,ham,Subject: ,0
1597,ham,Subject: ,0
1598,ham,Subject: ,0
1599,ham,Subject: ,0
1600,ham,Subject: ,0
1601,ham,Subject: ,0
1602,ham,Subject: ,0
1603,ham,Subject: ,0
1604,ham,Subject: ,0
1605,ham,Subject: ,0
1606,ham,Subject: ,0
1607,ham,Subject: ,0
1608,ham,Subject: ,0
1609,ham,Subject: ,0
1610,ham,Subject: ,0
1611,ham,Subject: ,0
1612,ham,Subject: ,0
1613,ham,Subject: ,0
1614,ham,Subject: ,0
1615,ham,Subject: ,0
1616,ham,Subject: ,0
1617,ham,Subject: ,0
1618,ham,Subject: ,0
1619,ham,Subject: ,0
1620,ham,Subject: ,0
1621,ham,Subject: ,0
1622,ham,Subject: ,0
1623,ham,Subject: ,0
1624,ham,Subject: ,0
1625,ham,Subject: ,0
1626,ham,Subject: ,0
1627,ham,Subject: ,0
1628,ham,Subject: ,0
1629,ham,Subject: ,0
1630,ham,Subject: ,0
1631,ham,Subject: ,0
1632,ham,Subject: ,0
1633,ham,Subject: ,0
1634,ham,Subject: ,0
1635,ham,Subject: ,0
1636,ham,Subject: ,0
1637,ham,Subject: ,0
1638,ham,Subject: ,0
1639,ham,Subject: ,0
1640,ham,Subject: ,0
1641,ham,Subject: ,0
1642,ham,Subject: ,0
1643,ham,Subject: ,0
1644,ham,Subject: ,0
1645,ham,Subject: ,0
1646,ham,Subject: ,0
1647,ham,Subject: ,0
1648,ham,Subject: ,0
1649,ham,Subject: ,0
1650,ham,Subject: ,0
1651,ham,Subject: ,0
1652,ham,Subject: ,0
1653,ham,Subject: ,0
1654,ham,Subject: ,0
1655,ham,Subject: ,0
1656,ham,Subject: ,0
1657,ham,Subject: ,0
1658,ham,Subject: ,0
1659,ham,Subject: ,0
1660,ham,Subject: ,0
1661,ham,Subject: ,0
1662,ham,Subject: ,0
1663,ham,Subject: ,0
1664,ham,Subject: ,0
1665,ham,Subject: ,0
1666,ham,Subject: ,0
1667,ham,Subject: ,0
1668,ham,Subject: ,0
1669,ham,Subject: ,0
1670,ham,Subject: ,0
1671,ham,Subject: ,0
1672,ham,Subject: ,0
1673,ham,Subject: ,0
1674,ham,Subject: ,0
1675,ham,Subject: ,0
1676,ham,Subject: ,0
1677,ham,Subject: ,0
1678,ham,Subject: ,0
1679,ham,Subject: ,0
1680,ham,Subject: ,0
1681,ham,Subject: ,0
1682,ham,Subject: ,0
1683,ham,Subject: ,0
1684,ham,Subject: ,0
1685,ham,Subject: ,0
1686,ham,Subject: ,0
1687,ham,Subject: ,0
1688,ham,Subject: ,0
1689,ham,Subject: ,0
1690,ham,Subject: ,0
1691,ham,Subject: ,0
1692,ham,Subject: ,0
1693,ham,Subject: ,0
1694,ham,Subject: ,0
1695,ham,Subject: ,0
1696,ham,Subject: ,0
1697,ham,Subject: ,0
1698,ham,Subject: ,0
1699,ham,Subject: ,0
1700,ham,Subject: ,0
1701,ham,Subject: ,0
1702,ham,Subject: ,0
1703,ham,Subject: ,0
1704,ham,Subject: ,0
1705,ham,Subject: ,0
1706,ham,Subject: ,0
1707,ham,Subject: ,0
1708,ham,Subject: ,0
1709,ham,Subject: ,0
1710,ham,Subject: ,0
1711,ham,Subject: ,0
1712,ham,Subject: ,0
1713,ham,Subject: ,0
1714,ham,Subject: ,0
1715,ham,Subject: ,0
1716,ham,Subject: ,0
1717,ham,Subject: ,0
1718,ham,Subject: ,0
1719,ham,Subject: ,0
1720,ham,Subject: ,0
1721,ham,Subject: ,0
1722,ham,Subject: ,0
1723,ham,Subject: ,0
1724,ham,Subject: ,0
1725,ham,Subject: ,0
1726,ham,Subject: ,0
1727,ham,Subject: ,0
1728,ham,Subject: ,0
1729,ham,Subject: ,0
1730,ham,Subject: ,0
1731,ham,Subject: ,0
1732,ham,Subject: ,0
1733,ham,Subject: ,0
1734,ham,Subject: ,0
1735,ham,Subject: ,0
1736,ham,Subject: ,0
1737,ham,Subject: ,0
1738,ham,Subject: ,0
1739,ham,Subject: ,0
1740,ham,Subject: ,0
1741,ham,Subject: ,0
1742,ham,Subject: ,0
1743,ham,Subject: ,0
1744,ham,Subject: ,0
1745,ham,Subject: ,0
1746,ham,Subject: ,0
1747,ham,Subject: ,0
1748,ham,Subject: ,0
1749,ham,Subject: ,0
1750,ham,Subject: ,0
1751,ham,Subject: ,0
1752,ham,Subject: ,0
1753,ham,Subject: ,0
1754,ham,Subject: ,0
1755,ham,Subject: ,0
1756,ham,Subject: ,0
1757,ham,Subject: ,0
1758,ham,Subject: ,0
1759,ham,Subject: ,0
1760,ham,Subject: ,0
1761,ham,Subject: ,0
1762,ham,Subject: ,0
1763,ham,Subject: ,0
1764,ham,Subject: ,0
1765,ham,Subject: ,0
1766,ham,Subject: ,0
1767,ham,Subject: ,0
1768,ham,Subject: ,0
1769,ham,Subject: ,0
1770,ham,Subject: ,0
1771,ham,Subject: ,0
1772,ham,Subject: ,0
1773,ham,Subject: ,0
1774,ham,Subject: ,0
1775,ham,Subject: ,0
1776,ham,Subject: ,0
1777,ham,Subject: ,0
1778,ham,Subject: ,0
1779,ham,Subject: ,0
1780,ham,Subject: ,0
1781,ham,Subject: ,0
1782,ham,Subject: ,0
1783,ham,Subject: ,0
1784,ham,Subject: ,0
1785,ham,Subject: ,0
1786,ham,Subject: ,0
1787,ham,Subject: ,0
1788,ham,Subject: ,0
1789,ham,Subject: ,0
1790,ham,Subject: ,0
1791,ham,Subject: ,0
1792,ham,Subject: ,0
1793,ham,Subject: ,0
1794,ham,Subject: ,0
1795,ham,Subject: ,0
1796,ham,Subject: ,0
1797,ham,Subject: ,0
1798,ham,Subject: ,0
1799,ham,Subject: ,0
1800,ham,Subject: ,0
1801,ham,Subject: ,0
1802,ham,Subject: ,0
1803,ham,Subject: ,0
1804,ham,Subject: ,0
1805,ham,Subject: ,0
1806,ham,Subject: ,0
1807,ham,Subject: ,0
1808,ham,Subject: ,0
1809,ham,Subject: ,0
1810,ham,Subject: ,0
1811,ham,Subject: ,0
1812,ham,Subject: ,0
1813,ham,Subject: ,0
1814,ham,Subject: ,0
1815,ham,Subject: ,0
1816,ham,Subject: ,0
1817,ham,Subject: ,0
1818,ham,Subject: ,0
1819,ham,Subject: ,0
1820,ham,Subject: ,0
1821,ham,Subject: ,0
1822,ham,Subject: ,0
1823,ham,Subject: ,0
1824,ham,Subject: ,0
1825,ham,Subject: ,0
1826,ham,Subject: ,0
1827,ham,Subject: ,0
1828,ham,Subject: ,0
1829,ham,Subject: ,0
1830,ham,Subject: ,0
1831,ham,Subject: ,0
1832,ham,Subject: ,0
1833,ham,Subject: ,0
1834,ham,Subject: ,0
1835,ham,Subject: ,0
1836,ham,Subject: ,0
1837,ham,Subject: ,0
1838,ham,Subject: ,0
1839,ham,Subject: ,0
1840,ham,Subject: ,0
1841,ham,Subject: ,0
1842,ham,Subject: ,0
1843,ham,Subject: ,0
1844,ham,Subject: ,0
1845,ham,Subject: ,0
1846,ham,Subject: ,0
1847,ham,Subject: ,0
1848,ham,Subject: ,0
1849,ham,Subject: ,0
1850,ham,Subject: ,0
1851,ham,Subject: ,0
1852,ham,Subject: ,0
1853,ham,Subject: ,0
1854,ham,Subject: ,0
1855,ham,Subject: ,0
1856,ham,Subject: ,0
1857,ham,Subject: ,0
1858,ham,Subject: ,0
1859,ham,Subject: ,0
1860,ham,Subject: ,0
1861,ham,Subject: ,0
1862,ham,Subject: ,0
1863,ham,Subject: ,0
1864,ham,Subject: ,0
1865,ham,Subject: ,0
1866,ham,Subject: ,0
1867,ham,Subject: ,0
1868,ham,Subject: ,0
1869,ham,Subject: ,0
1870,ham,Subject: ,0
1871,ham,Subject: ,0
1872,ham,Subject: ,0
1873,ham,Subject: ,0
1874,ham,Subject: ,0
1875,ham,Subject: ,0
1876,ham,Subject: ,0
1877,ham,Subject: ,0
1878,ham,Subject: ,0
1879,ham,Subject: ,0
1880,ham,Subject: ,0
1881,ham,Subject: ,0
1882,ham,Subject: ,0
1883,ham,Subject: ,0
1884,ham,Subject: ,0
1885,ham,Subject: ,0
1886,ham,Subject: ,0
1887,ham,Subject: ,0
1888,ham,Subject: ,0
1889,ham,Subject: ,0
1890,ham,Subject: ,0
1891,ham,Subject: ,0
1892,ham,Subject: ,0
1893,ham,Subject: ,0
1894,ham,Subject: ,0
1895,ham,Subject: ,0
1896,ham,Subject: ,0
1897,ham,Subject: ,0
1898,ham,Subject: ,0
1899,ham,Subject: ,0
1900,ham,Subject: ,0
1901,ham,Subject: ,0
1902,ham,Subject: ,0
1903,ham,Subject: ,0
1904,ham,Subject: ,0
1905,ham,Subject: ,0
1906,ham,Subject: ,0
1907,ham,Subject: ,0
1908,ham,Subject: ,0
1909,ham,Subject: ,0
1910,ham,Subject: ,0
1911,ham,Subject: ,0
1912,ham,Subject: ,0
1913,ham,Subject: ,0
1914,ham,Subject: ,0
1915,ham,Subject: ,0
1916,ham,Subject: ,0
1917,ham,Subject: ,0
1918,ham,Subject: ,0
1919,ham,Subject: ,0
1920,ham,Subject: ,0
1921,ham,Subject: ,0
1922,ham,Subject: ,0
1923,ham,Subject: ,0
1924,ham,Subject: ,0
1925,ham,Subject: ,0
1926,ham,Subject: ,0
1927,ham,Subject: ,0
1928,ham,Subject: ,0
1929,ham,Subject: ,0
1930,ham,Subject: ,0
1931,ham,Subject: ,0
1932,ham,Subject: ,0
1933,ham,Subject: ,0
1934,ham,Subject: ,0
1935,ham,Subject: ,0
1936,ham,Subject: ,0
1937,ham,Subject: ,0
1938,ham,Subject: ,0
1939,ham,Subject: ,0
1940,ham,Subject: ,0
1941,ham,Subject: ,0
1942,ham,Subject: ,0
1943,ham,Subject: ,0
1944,ham,Subject: ,0
1945,ham,Subject: ,0
1946,ham,Subject: ,0
1947,ham,Subject: ,0
1948,ham,Subject: ,0
1949,ham,Subject: ,0
1950,ham,Subject: ,0
1951,ham,Subject: ,0
1952,ham,Subject: ,0
1953,ham,Subject: ,0
1954,ham,Subject: ,0
1955,ham,Subject: ,0
1956,ham,Subject: ,0
1957,ham,Subject: ,0
1958,ham,Subject: ,0
1959,ham,Subject: ,0
1960,ham,Subject: ,0
1961,ham,Subject: ,0
1962,ham,Subject: ,0
1963,ham,Subject: ,0
1964,ham,Subject: ,0
1965,ham,Subject: ,0
1966,ham,Subject: ,0
1967,ham,Subject: ,0
1968,ham,Subject: ,0
1969,ham,Subject: ,0
1970,ham,Subject: ,0
1971,ham,Subject: ,0
1972,ham,Subject: ,0
1973,ham,Subject: ,0
1974,ham,Subject: ,0
1975,ham,Subject: ,0
1976,ham,Subject: ,0
1977,ham,Subject: ,0
1978,ham,Subject: ,0
1979,ham,Subject: ,0
1980,ham,Subject: ,0
1981,ham,Subject: ,0
1982,ham,Subject: ,0
1983,ham,Subject: ,0
1984,ham,Subject: ,0
1985,ham,Subject: ,0
1986,ham,Subject: ,0
1987,ham,Subject: ,0
1988,ham,Subject: ,0
1989,ham,Subject: ,0
1990,ham,Subject: ,0
1991,ham,Subject: ,0
1992,ham,Subject: ,0
1993,ham,Subject: ,0
1994,ham,Subject: ,0
1995,ham,Subject: ,0
1996,ham,Subject: ,0
1997,ham,Subject: ,0
1998,ham,Subject: ,0
1999,ham,Subject: ,0
2000,ham,Subject: ,0
2001,ham,Subject: ,0
2002,ham,Subject: ,0
2003,ham,Subject: ,0
2004,ham,Subject: ,0
2005,ham,Subject: ,0
2006,ham,Subject: ,0
2007,ham,Subject: ,0
2008,ham,Subject: ,0
2009,ham,Subject: ,0
2010,ham,Subject: ,0
2011,ham,Subject: ,0
2012,ham,Subject: ,0
2013,ham,Subject: ,0
2014,ham,Subject: ,0
2015,ham,Subject: ,0
2016,ham,Subject: ,0
2017,ham,Subject: ,0
2018,ham,Subject: ,0
2019,ham,Subject: ,0
2020,ham,Subject: ,0
2021,ham,Subject: ,0
2022,ham,Subject: ,0
2023,ham,Subject: ,0
2024,ham,Subject: ,0
2025,ham,Subject: ,0
2026,ham,Subject: ,0
2027,ham,Subject: ,0
2028,ham,Subject: ,0
2029,ham,Subject: ,0
2030,ham,Subject: ,0
2031,ham,Subject: ,0
2032,ham,Subject: ,0
2033,ham,Subject: ,0
2034,ham,Subject: ,0
2035,ham,Subject: ,0
2036,ham,Subject: ,0
2037,ham,Subject: ,0
2038,ham,Subject: ,0
2039,ham,Subject: ,0
2040,ham,Subject: ,0
2041,ham,Subject: ,0
2042,ham,Subject: ,0
2043,ham,Subject: ,0
2044,ham,Subject: ,0
2045,ham,Subject: ,0
2046,ham,Subject: ,0
2047,ham,Subject: ,0
2048,ham,Subject: ,0
2049,ham,Subject: ,0
2050,ham,Subject: ,0
2051,ham,Subject: ,0
2052,ham,Subject: ,0
2053,ham,Subject: ,0
2054,ham,Subject: ,0
2055,ham,Subject: ,0
2056,ham,Subject: ,0
2057,ham,Subject: ,0
2058,ham,Subject: ,0
2059,ham,Subject: ,0
2060,ham,Subject: ,0
2061,ham,Subject: ,0
2062,ham,Subject: ,0
2063,ham,Subject: ,0
2064,ham,Subject: ,0
2065,ham,Subject: ,0
2066,ham,Subject: ,0
2067,ham,Subject: ,0
2068,ham,Subject: ,0
2069,ham,Subject: ,0
2070,ham,Subject: ,0
2071,ham,Subject: ,0
2072,ham,Subject: ,0
2073,ham,Subject: ,0
2074,ham,Subject: ,0
2075,ham,Subject: ,0
2076,ham,Subject: ,0
2077,ham,Subject: ,0
2078,ham,Subject: ,0
2079,ham,Subject: ,0
2080,ham,Subject: ,0
2081,ham,Subject: ,0
2082,ham,Subject: ,0
2083,ham,Subject: ,0
2084,ham,Subject: ,0
2085,ham,Subject: ,0
2086,ham,Subject: ,0
2087,ham,Subject: ,0
2088,ham,Subject: ,0
2089,ham,Subject: ,0
2090,ham,Subject: ,0
2091,ham,Subject: ,0
2092,ham,Subject: ,0
2093,ham,Subject: ,0
2094,ham,Subject: ,0
2095,ham,Subject: ,0
2096,ham,Subject: ,0
2097,ham,Subject: ,0
2098,ham,Subject: ,0
2099,ham,Subject: ,0
2100,ham,Subject: ,0
2101,ham,Subject: ,0
2102,ham,Subject: ,0
2103,ham,Subject: ,0
2104,ham,Subject: ,0
2105,ham,Subject: ,0
2106,ham,Subject: ,0
2107,ham,Subject: ,0
2108,ham,Subject: ,0
2109,ham,Subject: ,0
2110,ham,Subject: ,0
2111,ham,Subject: ,0
2112,ham,Subject: ,0
2113,ham,Subject: ,0
2114,ham,Subject: ,0
2115,ham,Subject: ,0
2116,ham,Subject: ,0
2117,ham,Subject: ,0
2118,ham,Subject: ,0
2119,ham,Subject: ,0
2120,ham,Subject: ,0
2121,ham,Subject: ,0
2122,ham,Subject: ,0
2123,ham,Subject: ,0
2124,ham,Subject: ,0
2125,ham,Subject: ,0
2126,ham,Subject: ,0
2127,ham,Subject: ,0
2128,ham,Subject: ,0
2129,ham,Subject: ,0
2130,ham,Subject: ,0
2131,ham,Subject: ,0
2132,ham,Subject: ,0
2133,ham,Subject: ,0
2134,ham,Subject: ,0
2135,ham,Subject: ,0
2136,ham,Subject: ,0
2137,ham,Subject: ,0
2138,ham,Subject: ,0
2139,ham,Subject: ,0
2140,ham,Subject: ,0
2141,ham,Subject: ,0
2142,ham,Subject: ,0
2143,ham,Subject: ,0
2144,ham,Subject: ,0
2145,ham,Subject: ,0
2146,ham,Subject: ,0
2147,ham,Subject: ,0
2148,ham,Subject: ,0
2149,ham,Subject: ,0
2150,ham,Subject: ,0
2151,ham,Subject: ,0
2152,ham,Subject: ,0
2153,ham,Subject: ,0
2154,ham,Subject: ,0
2155,ham,Subject: ,0
2156,ham,Subject: ,0
2157,ham,Subject: ,0
2158,ham,Subject: ,0
2159,ham,Subject: ,0
2160,ham,Subject: ,0
2161,ham,Subject: ,0
2162,ham,Subject: ,0
2163,ham,Subject: ,0
2164,ham,Subject: ,0
2165,ham,Subject: ,0
2166,ham,Subject: ,0
2167,ham,Subject: ,0
2168,ham,Subject: ,0
2169,ham,Subject: ,0
2170,ham,Subject: ,0
2171,ham,Subject: ,0
2172,ham,Subject: ,0
2173,ham,Subject: ,0
2174,ham,Subject: ,0
2175,ham,Subject: ,0
2176,ham,Subject: ,0
2177,ham,Subject: ,0
2178,ham,Subject: ,0
2179,ham,Subject: ,0
2180,ham,Subject: ,0
2181,ham,Subject: ,0
2182,ham,Subject: ,0
2183,ham,Subject: ,0
2184,ham,Subject: ,0
2185,ham,Subject: ,0
2186,ham,Subject: ,0
2187,ham,Subject: ,0
2188,ham,Subject: ,0
2189,ham,Subject: ,0
2190,ham,Subject: ,0
2191,ham,Subject: ,0
2192,ham,Subject: ,0
2193,ham,Subject: ,0
2194,ham,Subject: ,0
2195,ham,Subject: ,0
2196,ham,Subject: ,0
2197,ham,Subject: ,0
2198,ham,Subject: ,0
2199,ham,Subject: ,0
2200,ham,Subject: ,0
2201,ham,Subject: ,0
2202,ham,Subject: ,0
2203,ham,Subject: ,0
2204,ham,Subject: ,0
2205,ham,Subject: ,0
2206,ham,Subject: ,0
2207,ham,Subject: ,0
2208,ham,Subject: ,0
2209,ham,Subject: ,0
2210,ham,Subject: ,0
2211,ham,Subject: ,0
2212,ham,Subject: ,0
2213,ham,Subject: ,0
2214,ham,Subject: ,0
2215,ham,Subject: ,0
2216,ham,Subject: ,0
2217,ham,Subject: ,0
2218,ham,Subject: ,0
2219,ham,Subject: ,0
2220,ham,Subject: ,0
2221,ham,Subject: ,0
2222,ham,Subject: ,0
2223,ham,Subject: ,0
2224,ham,Subject: ,0
2225,ham,Subject: ,0
2226,ham,Subject: ,0
2227,ham,Subject: ,0
2228,ham,Subject: ,0
2229,ham,Subject: ,0
2230,ham,Subject: ,0
2231,ham,Subject: ,0
2232,ham,Subject: ,0
2233,ham,Subject: ,0
2234,ham,Subject: ,0
2235,ham,Subject: ,0
2236,ham,Subject: ,0
2237,ham,Subject: ,0
2238,ham,Subject: ,0
2239,ham,Subject: ,0
2240,ham,Subject: ,0
2241,ham,Subject: ,0
2242,ham,Subject: ,0
2243,ham,Subject: ,0
2244,ham,Subject: ,0
2245,ham,Subject: ,0
2246,ham,Subject: ,0
2247,ham,Subject: ,0
2248,ham,Subject: ,0
2249,ham,Subject: ,0
2250,ham,Subject: ,0
2251,ham,Subject: ,0
2252,ham,Subject: ,0
2253,ham,Subject: ,0
2254,ham,Subject: ,0
2255,ham,Subject: ,0
2256,ham,Subject: ,0
2257,ham,Subject: ,0
2258,ham,Subject: ,0
2259,ham,Subject: ,0
2260,ham,Subject: ,0
2261,ham,Subject: ,0
2262,ham,Subject: ,0
2263,ham,Subject: ,0
2264,ham,Subject: ,0
2265,ham,Subject: ,0
2266,ham,Subject: ,0
2267,ham,Subject: ,0
2268,ham,Subject: ,0
2269,ham,Subject: ,0
2270,ham,Subject: ,0
2271,ham,Subject: ,0
2272,ham,Subject: ,0
2273,ham,Subject: ,0
2274,ham,Subject: ,0
2275,ham,Subject: ,0
2276,ham,Subject: ,0
2277,ham,Subject: ,0
2278,ham,Subject: ,0
2279,ham,Subject: ,0
2280,ham,Subject: ,0
2281,ham,Subject: ,0
2282,ham,Subject: ,0
2283,ham,Subject: ,0
2284,ham,Subject: ,0
2285,ham,Subject: ,0
2286,ham,Subject: ,0
2287,ham,Subject: ,0
2288,ham,Subject: ,0
2289,ham,Subject: ,0
2290,ham,Subject: ,0
2291,ham,Subject: ,0
2292,ham,Subject: ,0
2293,ham,Subject: ,0
2294,ham,Subject: ,0
2295,ham,Subject: ,0
2296,ham,Subject: ,0
2297,ham,Subject: ,0
2298,ham,Subject: ,0
2299,ham,Subject: ,0
2300,ham,Subject: ,0
2301,ham,Subject: ,0
2302,ham,Subject: ,0
2303,ham,Subject: ,0
2304,ham,Subject: ,0
2305,ham,Subject: ,0
2306,ham,Subject: ,0
2307,ham,Subject: ,0
2308,ham,Subject: ,0
2309,ham,Subject: ,0
2310,ham,Subject: ,0
2311,ham,Subject: ,0
2312,ham,Subject: ,0
2313,ham,Subject: ,0
2314,ham,Subject: ,0
2315,ham,Subject: ,0
2316,ham,Subject: ,0
2317,ham,Subject: ,0
2318,ham,Subject: ,0
2319,ham,Subject: ,0
2320,ham,Subject: ,0
2321,ham,Subject: ,0
2322,ham,Subject: ,0
2323,ham,Subject: ,0
2324,ham,Subject: ,0
2325,ham,Subject: ,0
2326,ham,Subject: ,0
2327,ham,Subject: ,0
2328,ham,Subject: ,0
2329,ham,Subject: ,0
2330,ham,Subject: ,0
2331,ham,Subject: ,0
2332,ham,Subject: ,0
2333,ham,Subject: ,0
2334,ham,Subject: ,0
2335,ham,Subject: ,0
2336,ham,Subject: ,0
2337,ham,Subject: ,0
2338,ham,Subject: ,0
2339,ham,Subject: ,0
2340,ham,Subject: ,0
2341,ham,Subject: ,0
2342,ham,Subject: ,0
2343,ham,Subject: ,0
2344,ham,Subject: ,0
2345,ham,Subject: ,0
2346,ham,Subject: ,0
2347,ham,Subject: ,0
2348,ham,Subject: ,0
2349,ham,Subject: ,0
2350,ham,Subject: ,0
2351,ham,Subject: ,0
2352,ham,Subject: ,0
2353,ham,Subject: ,0
2354,ham,Subject: ,0
2355,ham,Subject: ,0
2356,ham,Subject: ,0
2357,ham,Subject: ,0
2358,ham,Subject: ,0
2359,ham,Subject: ,0
2360,ham,Subject: ,0
2361,ham,Subject: ,0
2362,ham,Subject: ,0
2363,ham,Subject: ,0
2364,ham,Subject: ,0
2365,ham,Subject: ,0
2366,ham,Subject: ,0
2367,ham,Subject: ,0
2368,ham,Subject: ,0
2369,ham,Subject: ,0
2370,ham,Subject: ,0
2371,ham,Subject: ,0
2372,ham,Subject: ,0
2373,ham,Subject: ,0
2374,ham,Subject: ,0
2375,ham,Subject: ,0
2376,ham,Subject: ,0
2377,ham,Subject: ,0
2378,ham,Subject: ,0
2379,ham,Subject: ,0
2380,ham,Subject: ,0
2381,ham,Subject: ,0
2382,ham,Subject: ,0
2383,ham,Subject: ,0
2384,ham,Subject: ,0
2385,ham,Subject: ,0
2386,ham,Subject: ,0
2387,ham,Subject: ,0
2388,ham,Subject: ,0
2389,ham,Subject: ,0
2390,ham,Subject: ,0
2391,ham,Subject: ,0
2392,ham,Subject: ,0
2393,ham,Subject: ,0
2394,ham,Subject: ,0
2395,ham,Subject: ,0
2396,ham,Subject: ,0
2397,ham,Subject: ,0
2398,ham,Subject: ,0
2399,ham,Subject: ,0
2400,ham,Subject: ,0
2401,ham,Subject: ,0
2402,ham,Subject: ,0
2403,ham,Subject: ,0
2404,ham,Subject: ,0
2405,ham,Subject: ,0
2406,ham,Subject: ,0
2407,ham,Subject: ,0
2408,ham,Subject: ,0
2409,ham,Subject: ,0
2410,ham,Subject: ,0
2411,ham,Subject: ,0
2412,ham,Subject: ,0
2413,ham,Subject: ,0
2414,ham,Subject: ,0
2415,ham,Subject: ,0
2416,ham,Subject: ,0
2417,ham,Subject: ,0
2418,ham,Subject: ,0
2419,ham,Subject: ,0
2420,ham,Subject: ,0
2421,ham,Subject: ,0
2422,ham,Subject: ,0
2423,ham,Subject: ,0
2424,ham,Subject: ,0
2425,ham,Subject: ,0
2426,ham,Subject: ,0
2427,ham,Subject: ,0
2428,ham,Subject: ,0
2429,ham,Subject: ,0
2430,ham,Subject: ,0
2431,ham,Subject: ,0
2432,ham,Subject: ,0
2433,ham,Subject: ,0
2434,ham,Subject: ,0
2435,ham,Subject: ,0
2436,ham,Subject: ,0
2437,ham,Subject: ,0
2438,ham,Subject: ,0
2439,ham,Subject: ,0
2440,ham,Subject: ,0
2441,ham,Subject: ,0
2442,ham,Subject: ,0
2443,ham,Subject: ,0
2444,ham,Subject: ,0
2445,ham,Subject: ,0
2446,ham,Subject: ,0
2447,ham,Subject: ,0
2448,ham,Subject: ,0
2449,ham,Subject: ,0
2450,ham,Subject: ,0
2451,ham,Subject: ,0
2452,ham,Subject: ,0
2453,ham,Subject: ,0
2454,ham,Subject: ,0
2455,ham,Subject: ,0
2456,ham,Subject: ,0
2457,ham,Subject: ,0
2458,ham,Subject: ,0
2459,ham,Subject: ,0
2460,ham,Subject: ,0
2461,ham,Subject: ,0
2462,ham,Subject: ,0
2463,ham,Subject: ,0
2464,ham,Subject: ,0
2465,ham,Subject: ,0
2466,ham,Subject: ,0
2467,ham,Subject: ,0
2468,ham,Subject: ,0
2469,ham,Subject: ,0
2470,ham,Subject: ,0
2471,ham,Subject: ,0
2472,ham,Subject: ,0
2473,ham,Subject: ,0
2474,ham,Subject: ,0
2475,ham,Subject: ,0
2476,ham,Subject: ,0
2477,ham,Subject: ,0
2478,ham,Subject: ,0
2479,ham,Subject: ,0
2480,ham,Subject: ,0
2481,ham,Subject: ,0
2482,ham,Subject: ,0
2483,ham,Subject: ,0
2484,ham,Subject: ,0
2485,ham,Subject: ,0
2486,ham,Subject: ,0
2487,ham,Subject: ,0
2488,ham,Subject: ,0
2489,ham,Subject: ,0
2490,ham,Subject: ,0
2491,ham,Subject: ,0
2492,ham,Subject: ,0
2493,ham,Subject: ,0
2494,ham,Subject: ,0
2495,ham,Subject: ,0
2496,ham,Subject: ,0
2497,ham,Subject: ,0
2498,ham,Subject: ,0
2499,ham,Subject: ,0
2500,ham,Subject: ,0
2501,ham,Subject: ,0
2502,ham,Subject: ,0
2503,ham,Subject: ,0
2504,ham,Subject: ,0
2505,ham,Subject: ,0
2506,ham,Subject: ,0
2507,ham,Subject: ,0
2508,ham,Subject: ,0
2509,ham,Subject: ,0
2510,ham,Subject: ,0
2511,ham,Subject: ,0
2512,ham,Subject: ,0
2513,ham,Subject: ,0
2514,ham,Subject: ,0
2515,ham,Subject: ,0
2516,ham,Subject: ,0
2517,ham,Subject: ,0
2518,ham,Subject: ,0
2519,ham,Subject: ,0
2520,ham,Subject: ,0
2521,ham,Subject: ,0
2522,ham,Subject: ,0
2523,ham,Subject: ,0
2524,ham,Subject: ,0
2525,ham,Subject: ,0
2526,ham,Subject: ,0
2527,ham,Subject: ,0
2528,ham,Subject: ,0
2529,ham,Subject: ,0
2530,ham,Subject: ,0
2531,ham,Subject: ,0
2532,ham,Subject: ,0
2533,ham,Subject: ,0
2534,ham,Subject: ,0
2535,ham,Subject: ,0
2536,ham,Subject: ,0
2537,ham,Subject: ,0
2538,ham,Subject: ,0
2539,ham,Subject: ,0
2540,ham,Subject: ,0
2541,ham,Subject: ,0
2542,ham,Subject: ,0
2543,ham,Subject: ,0
2544,ham,Subject: ,0
2545,ham,Subject: ,0
2546,ham,Subject: ,0
2547,ham,Subject: ,0
2548,ham,Subject: ,0
2549,ham,Subject: ,0
2550,ham,Subject: ,0
2551,ham,Subject: ,0
2552,ham,Subject: ,0
2553,ham,Subject: ,0
2554,ham,Subject: ,0
2555,ham,Subject: ,0
2556,ham,Subject: ,0
2557,ham,Subject: ,0
2558,ham,Subject: ,0
2559,ham,Subject: ,0
2560,ham,Subject: ,0
2561,ham,Subject: ,0
2562,ham,Subject: ,0
2563,ham,Subject: ,0
2564,ham,Subject: ,0
2565,ham,Subject: ,0
2566,ham,Subject: ,0
2567,ham,Subject: ,0
2568,ham,Subject: ,0
2569,ham,Subject: ,0
2570,ham,Subject: ,0
2571,ham,Subject: ,0
2572,ham,Subject: ,0
2573,ham,Subject: ,0
2574,ham,Subject: ,0
2575,ham,Subject: ,0
2576,ham,Subject: ,0
2577,ham,Subject: ,0
2578,ham,Subject: ,0
2579,ham,Subject: ,0
2580,ham,Subject: ,0
2581,ham,Subject: ,0
2582,ham,Subject: ,0
2583,ham,Subject: ,0
2584,ham,Subject: ,0
2585,ham,Subject: ,0
2586,ham,Subject: ,0
2587,ham,Subject: ,0
2588,ham,Subject: ,0
2589,ham,Subject: ,0
2590,ham,Subject: ,0
2591,ham,Subject: ,0
2592,ham,Subject: ,0
2593,ham,Subject: ,0
2594,ham,Subject: ,0
2595,ham,Subject: ,0
2596,ham,Subject: ,0
2597,ham,Subject: ,0
2598,ham,Subject: ,0
2599,ham,Subject: ,0
2600,ham,Subject: ,0
2601,ham,Subject: ,0
2602,ham,Subject: ,0
2603,ham,Subject: ,0
2604,ham,Subject: ,0
2605,ham,Subject: ,0
2606,ham,Subject: ,0
2607,ham,Subject: ,0
2608,ham,Subject: ,0
2609,ham,Subject: ,0
2610,ham,Subject: ,0
2611,ham,Subject: ,0
2612,ham,Subject: ,0
2613,ham,Subject: ,0
2614,ham,Subject: ,0
2615,ham,Subject: ,0
2616,ham,Subject: ,0
2617,ham,Subject: ,0
2618,ham,Subject: ,0
2619,ham,Subject: ,0
2620,ham,Subject: ,0
2621,ham,Subject: ,0
2622,ham,Subject: ,0
2623,ham,Subject: ,0
2624,ham,Subject: ,0
2625,ham,Subject: ,0
2626,ham,Subject: ,0
2627,ham,Subject: ,0
2628,ham,Subject: ,0
2629,ham,Subject: ,0
2630,ham,Subject: ,0
2631,ham,Subject: ,0
2632,ham,Subject: ,0
2633,ham,Subject: ,0
2634,ham,Subject: ,0
2635,ham,Subject: ,0
2636,ham,Subject: ,0
2637,ham,Subject: ,0
2638,ham,Subject: ,0
2639,ham,Subject: ,0
2640,ham,Subject: ,0
2641,ham,Subject: ,0
2642,ham,Subject: ,0
2643,ham,Subject: ,0
2644,ham,Subject: ,0
2645,ham,Subject: ,0
2646,ham,Subject: ,0
2647,ham,Subject: ,0
2648,ham,Subject: ,0
2649,ham,Subject: ,0
2650,ham,Subject: ,0
2651,ham,Subject: ,0
2652,ham,Subject: ,0
2653,ham,Subject: ,0
2654,ham,Subject: ,0
2655,ham,Subject: ,0
2656,ham,Subject: ,0
2657,ham,Subject: ,0
2658,ham,Subject: ,0
2659,ham,Subject: ,0
2660,ham,Subject: ,0
2661,ham,Subject: ,0
2662,ham,Subject: ,0
2663,ham,Subject: ,0
2664,ham,Subject: ,0
2665,ham,Subject: ,0
2666,ham,Subject: ,0
2667,ham,Subject: ,0
2668,ham,Subject: ,0
2669,ham,Subject: ,0
2670,ham,Subject: ,0
2671,ham,Subject: ,0
2672,ham,Subject: ,0
2673,ham,Subject: ,0
2674,ham,Subject: ,0
2675,ham,Subject: ,0
2676,ham,Subject: ,0
2677,ham,Subject: ,0
2678,ham,Subject: ,0
2679,ham,Subject: ,0
2680,ham,Subject: ,0
2681,ham,Subject: ,0
2682,ham,Subject: ,0
2683,ham,Subject: ,0
2684,ham,Subject: ,0
2685,ham,Subject: ,0
2686,ham,Subject: ,0
2687,ham,Subject: ,0
2688,ham,Subject: ,0
2689,ham,Subject: ,0
2690,ham,Subject: ,0
2691,ham,Subject: ,0
2692,ham,Subject: ,0
2693,ham,Subject: ,0
2694,ham,Subject: ,0
2695,ham,Subject: ,0
2696,ham,Subject: ,0
2697,ham,Subject: ,0
2698,ham,Subject: ,0
2699,ham,Subject: ,0
2700,ham,Subject: ,0
2701,ham,Subject: ,0
2702,ham,Subject: ,0
2703,ham,Subject: ,0
2704,ham,Subject: ,0
2705,ham,Subject: ,0
2706,ham,Subject: ,0
2707,ham,Subject: ,0
2708,ham,Subject: ,0
2709,ham,Subject: ,0
2710,ham,Subject: ,0
2711,ham,Subject: ,0
2712,ham,Subject: ,0
2713,ham,Subject: ,0
2714,ham,Subject: ,0
2715,ham,Subject: ,0
2716,ham,Subject: ,0
2717,ham,Subject: ,0
2718,ham,Subject: ,0
2719,ham,Subject: ,0
2720,ham,Subject: ,0
2721,ham,Subject: ,0
2722,ham,Subject: ,0
2723,ham,Subject: ,0
2724,ham,Subject: ,0
2725,ham,Subject: ,0
2726,ham,Subject: ,0
2727,ham,Subject: ,0
2728,ham,Subject: ,0
2729,ham,Subject: ,0
2730,ham,Subject: ,0
2731,ham,Subject: ,0
2732,ham,Subject: ,0
2733,ham,Subject: ,0
2734,ham,Subject: ,0
2735,ham,Subject: ,0
2736,ham,Subject: ,0
2737,ham,Subject: ,0
2738,ham,Subject: ,0
2739,ham,Subject: ,0
2740,ham,Subject: ,0
2741,ham,Subject: ,0
2742,ham,Subject: ,0
2743,ham,Subject: ,0
2744,ham,Subject: ,0
2745,ham,Subject: ,0
2746,ham,Subject: ,0
2747,ham,Subject: ,0
2748,ham,Subject: ,0
2749,ham,Subject: ,0
2750,ham,Subject: ,0
2751,ham,Subject: ,0
2752,ham,Subject: ,0
2753,ham,Subject: ,0
2754,ham,Subject: ,0
2755,ham,Subject: ,0
2756,ham,Subject: ,0
2757,ham,Subject: ,0
2758,ham,Subject: ,0
2759,ham,Subject: ,0
2760,ham,Subject: ,0
2761,ham,Subject: ,0
2762,ham,Subject: ,0
2763,ham,Subject: ,0
2764,ham,Subject: ,0
2765,ham,Subject: ,0
2766,ham,Subject: ,0
2767,ham,Subject: ,0
2768,ham,Subject: ,0
2769,ham,Subject: ,0
2770,ham,Subject: ,0
2771,ham,Subject: ,0
2772,ham,Subject: ,0
2773,ham,Subject: ,0
2774,ham,Subject: ,0
2775,ham,Subject: ,0
2776,ham,Subject: ,0
2777,ham,Subject: ,0
2778,ham,Subject: ,0
2779,ham,Subject: ,0
2780,ham,Subject: ,0
2781,ham,Subject: ,0
2782,ham,Subject: ,0
2783,ham,Subject: ,0
2784,ham,Subject: ,0
2785,ham,Subject: ,0
2786,ham,Subject: ,0
2787,ham,Subject: ,0
2788,ham,Subject: ,0
2789,ham,Subject: ,0
2790,ham,Subject: ,0
2791,ham,Subject: ,0
2792,ham,Subject: ,0
2793,ham,Subject: ,0
2794,ham,Subject: ,0
2795,ham,Subject: ,0
2796,ham,Subject: ,0
2797,ham,Subject: ,0
2798,ham,Subject: ,0
2799,ham,Subject: ,0
2800,ham,Subject: ,0
2801,ham,Subject: ,0
2802,ham,Subject: ,0
2803,ham,Subject: ,0
2804,ham,Subject: ,0
2805,ham,Subject: ,0
2806,ham,Subject: ,0
2807,ham,Subject: ,0
2808,ham,Subject: ,0
2809,ham,Subject: ,0
2810,ham,Subject: ,0
2811,ham,Subject: ,0
2812,ham,Subject: ,0
2813,ham,Subject: ,0
2814,ham,Subject: ,0
2815,ham,Subject: ,0
2816,ham,Subject: ,0
2817,ham,Subject: ,0
2818,ham,Subject: ,0
2819,ham,Subject: ,0
2820,ham,Subject: ,0
2821,ham,Subject: ,0
2822,ham,Subject: ,0
2823,ham,Subject: ,0
2824,ham,Subject: ,0
2825,ham,Subject: ,0
2826,ham,Subject: ,0
2827,ham,Subject: ,0
2828,ham,Subject: ,0
2829,ham,Subject: ,0
2830,ham,Subject: ,0
2831,ham,Subject: ,0
2832,ham,Subject: ,0
2833,ham,Subject: ,0
2834,ham,Subject: ,0
2835,ham,Subject: ,0
2836,ham,Subject: ,0
2837,ham,Subject: ,0
2838,ham,Subject: ,0
2839,ham,Subject: ,0
2840,ham,Subject: ,0
2841,ham,Subject: ,0
2842,ham,Subject: ,0
2843,ham,Subject: ,0
2844,ham,Subject: ,0
2845,ham,Subject: ,0
2846,ham,Subject: ,0
2847,ham,Subject: ,0
2848,ham,Subject: ,0
2849,ham,Subject: ,0
2850,ham,Subject: ,0
2851,ham,Subject: ,0
2852,ham,Subject: ,0
2853,ham,Subject: ,0
2854,ham,Subject: ,0
2855,ham,Subject: ,0
2856,ham,Subject: ,0
2857,ham,Subject: ,0
2858,ham,Subject: ,0
2859,ham,Subject: ,0
2860,ham,Subject: ,0
2861,ham,Subject: ,0
2862,ham,Subject: ,0
2863,ham,Subject: ,0
2864,ham,Subject: ,0
2865,ham,Subject: ,0
2866,ham,Subject: ,0
2867,ham,Subject: ,0
2868,ham,Subject: ,0
2869,ham,Subject: ,0
2870,ham,Subject: ,0
2871,ham,Subject: ,0
2872,ham,Subject: ,0
2873,ham,Subject: ,0
2874,ham,Subject: ,0
2875,ham,Subject: ,0
2876,ham,Subject: ,0
2877,ham,Subject: ,0
2878,ham,Subject: ,0
2879,ham,Subject: ,0
2880,ham,Subject: ,0
2881,ham,Subject: ,0
2882,ham,Subject: ,0
2883,ham,Subject: ,0
2884,ham,Subject: ,0
2885,ham,Subject: ,0
2886,ham,Subject: ,0
2887,ham,Subject: ,0
2888,ham,Subject: ,0
2889,ham,Subject: ,0
2890,ham,Subject: ,0
2891,ham,Subject: ,0
2892,ham,Subject: ,0
2893,ham,Subject: ,0
2894,ham,Subject: ,0
2895,ham,Subject: ,0
2896,ham,Subject: ,0
2897,ham,Subject: ,0
2898,ham,Subject: ,0
2899,ham,Subject: ,0
2900,ham,Subject: ,0
2901,ham,Subject: ,0
2902,ham,Subject: ,0
2903,ham,Subject: ,0
2904,ham,Subject: ,0
2905,ham,Subject: ,0
2906,ham,Subject: ,0
2907,ham,Subject: ,0
2908,ham,Subject: ,0
2909,ham,Subject: ,0
2910,ham,Subject: ,0
2911,ham,Subject: ,0
2912,ham,Subject: ,0
2913,ham,Subject: ,0
2914,ham,Subject: ,0
2915,ham,Subject: ,0
2916,ham,Subject: ,0
2917,ham,Subject: ,0
2918,ham,Subject: ,0
2919,ham,Subject: ,0
2920,ham,Subject: ,0
2921,ham,Subject: ,0
2922,ham,Subject: ,0
2923,ham,Subject: ,0
2924,ham,Subject: ,0
2925,ham,Subject: ,0
2926,ham,Subject: ,0
2927,ham,Subject: ,0
2928,ham,Subject: ,0
2929,ham,Subject: ,0
2930,ham,Subject: ,0
2931,ham,Subject: ,0
2932,ham,Subject: ,0
2933,ham,Subject: ,0
2934,ham,Subject: ,0
2935,ham,Subject: ,0
2936,ham,Subject: ,0
2937,ham,Subject: ,0
2938,ham,Subject: ,0
2939,ham,Subject: ,0
2940,ham,Subject: ,0
2941,ham,Subject: ,0
2942,ham,Subject: ,0
2943,ham,Subject: ,0
2944,ham,Subject: ,0
2945,ham,Subject: ,0
2946,ham,Subject: ,0
2947,ham,Subject: ,0
2948,ham,Subject: ,0
2949,ham,Subject: ,0
2950,ham,Subject: ,0
2951,ham,Subject: ,0
2952,ham,Subject: ,0
2953,ham,Subject: ,0
2954,ham,Subject: ,0
2955,ham,Subject: ,0
2956,ham,Subject: ,0
2957,ham,Subject: ,0
2958,ham,Subject: ,0
2959,ham,Subject: ,0
2960,ham,Subject: ,0
2961,ham,Subject: ,0
2962,ham,Subject: ,0
2963,ham,Subject: ,0
2964,ham,Subject: ,0
2965,ham,Subject: ,0
2966,ham,Subject: ,0
2967,ham,Subject: ,0
2968,ham,Subject: ,0
2969,ham,Subject: ,0
2970,ham,Subject: ,0
2971,ham,Subject: ,0
2972,ham,Subject: ,0
2973,ham,Subject: ,0
2974,ham,Subject: ,0
2975,ham,Subject: ,0
2976,ham,Subject: ,0
2977,ham,Subject: ,0
2978,ham,Subject: ,0
2979,ham,Subject: ,0
2980,ham,Subject: ,0
2981,ham,Subject: ,0
2982,ham,Subject: ,0
2983,ham,Subject: ,0
2984,ham,Subject: ,0
2985,ham,Subject: ,0
2986,ham,Subject: ,0
2987,ham,Subject: ,0
2988,ham,Subject: ,0
2989,ham,Subject: ,0
2990,ham,Subject: ,0
2991,ham,Subject: ,0
2992,ham,Subject: ,0
2993,ham,Subject: ,0
2994,ham,Subject: ,0
2995,ham,Subject: ,0
2996,ham,Subject: ,0
2997,ham,Subject: ,0
2998,ham,Subject: ,0
2999,ham,Subject: ,0
3000,ham,Subject: ,0
3001,ham,Subject: ,0
3002,ham,Subject: ,0
3003,ham,Subject: ,0
3004,ham,Subject: ,0
3005,ham,Subject: ,0
3006,ham,Subject: ,0
3007,ham,Subject: ,0
3008,ham,Subject: ,0
3009,ham,Subject: ,0
3010,ham,Subject: ,0
3011,ham,Subject: ,0
3012,ham,Subject: ,0
3013,ham,Subject: ,0
3014,ham,Subject: ,0
3015,ham,Subject: ,0
3016,ham,Subject: ,0
3017,ham,Subject: ,0
3018,ham,Subject: ,0
3019,ham,Subject: ,0
3020,ham,Subject: ,0
3021,ham,Subject: ,0
3022,ham,Subject: ,0
3023,ham,Subject: ,0
3024,ham,Subject: ,0
3025,ham,Subject: ,0
3026,ham,Subject: ,0
3027,ham,Subject: ,0
3028,ham,Subject: ,0
3029,ham,Subject: ,0
3030,ham,Subject: ,0
3031,ham,Subject: ,0
3032,ham,Subject: ,0
3033,ham,Subject: ,0
3034,ham,Subject: ,0
3035,ham,Subject: ,0
3036,ham,Subject: ,0
3037,ham,Subject: ,0
3038,ham,Subject: ,0
3039,ham,Subject: ,0
3040,ham,Subject: ,0
3041,ham,Subject: ,0
3042,ham,Subject: ,0
3043,ham,Subject: ,0
3044,ham,Subject: ,0
3045,ham,Subject: ,0
3046,ham,Subject: ,0
3047,ham,Subject: ,0
3048,ham,Subject: ,0
3049,ham,Subject: ,0
3050,ham,Subject: ,0
3051,ham,Subject: ,0
3052,ham,Subject: ,0
3053,ham,Subject: ,0
3054,ham,Subject: ,0
3055,ham,Subject: ,0
3056,ham,Subject: ,0
3057,ham,Subject: ,0
3058,ham,Subject: ,0
3059,ham,Subject: ,0
3060,ham,Subject: ,0
3061,ham,Subject: ,0
3062,ham,Subject: ,0
3063,ham,Subject: ,0
3064,ham,Subject: ,0
3065,ham,Subject: ,0
3066,ham,Subject: ,0
3067,ham,Subject: ,0
3068,ham,Subject: ,0
3069,ham,Subject: ,0
3070,ham,Subject: ,0
3071,ham,Subject: ,0
3072,ham,Subject: ,0
3073,ham,Subject: ,0
3074,ham,Subject: ,0
3075,ham,Subject: ,0
3076,ham,Subject: ,0
3077,ham,Subject: ,0
3078,ham,Subject: ,0
3079,ham,Subject: ,0
3080,ham,Subject: ,0
3081,ham,Subject: ,0
3082,ham,Subject: ,0
3083,ham,Subject: ,0
3084,ham,Subject: ,0
3085,ham,Subject: ,0
3086,ham,Subject: ,0
3087,ham,Subject: ,0
3088,ham,Subject: ,0
3089,ham,Subject: ,0
3090,ham,Subject: ,0
3091,ham,Subject: ,0
3092,ham,Subject: ,0
3093,ham,Subject: ,0
3094,ham,Subject: ,0
3095,ham,Subject: ,0
3096,ham,Subject: ,0
3097,ham,Subject: ,0
3098,ham,Subject: ,0
3099,ham,Subject: ,0
3100,ham,Subject: ,0
3101,ham,Subject: ,0
3102,ham,Subject: ,0
3103,ham,Subject: ,0
3104,ham,Subject: ,0
3105,ham,Subject: ,0
3106,ham,Subject: ,0
3107,ham,Subject: ,0
3108,ham,Subject: ,0
3109,ham,Subject: ,0
3110,ham,Subject: ,0
3111,ham,Subject: ,0
3112,ham,Subject: ,0
3113,ham,Subject: ,0
3114,ham,Subject: ,0
3115,ham,Subject: ,0
3116,ham,Subject: ,0
3117,ham,Subject: ,0
3118,ham,Subject: ,0
3119,ham,Subject: ,0
3120,ham,Subject: ,0
3121,ham,Subject: ,0
3122,ham,Subject: ,0
3123,ham,Subject: ,0
3124,ham,Subject: ,0
3125,ham,Subject: ,0
3126,ham,Subject: ,0
3127,ham,Subject: ,0
3128,ham,Subject: ,0
3129,ham,Subject: ,0
3130,ham,Subject: ,0
3131,ham,Subject: ,0
3132,ham,Subject: ,0
3133,ham,Subject: ,0
3134,ham,Subject: ,0
3135,ham,Subject: ,0
3136,ham,Subject: ,0
3137,ham,Subject: ,0
3138,ham,Subject: ,0
3139,ham,Subject: ,0
3140,ham,Subject: ,0
3141,ham,Subject: ,0
3142,ham,Subject: ,0
3143,ham,Subject: ,0
3144,ham,Subject: ,0
3145,ham,Subject: ,0
3146,ham,Subject: ,0
3147,ham,Subject: ,0
3148,ham,Subject: ,0
3149,ham,Subject: ,0
3150,ham,Subject: ,0
3151,ham,Subject: ,0
3152,ham,Subject: ,0
3153,ham,Subject: ,0
3154,ham,Subject: ,0
3155,ham,Subject: ,0
3156,ham,Subject: ,0
3157,ham,Subject: ,0
3158,ham,Subject: ,0
3159,ham,Subject: ,0
3160,ham,Subject: ,0
3161,ham,Subject: ,0
3162,ham,Subject: ,0
3163,ham,Subject: ,0
3164,ham,Subject: ,0
3165,ham,Subject: ,0
3166,ham,Subject: ,0
3167,ham,Subject: ,0
3168,ham,Subject: ,0
3169,ham,Subject: ,0
3170,ham,Subject: ,0
3171,ham,Subject: ,0
3172,ham,Subject: ,0
3173,ham,Subject: ,0
3174,ham,Subject: ,0
3175,ham,Subject: ,0
3176,ham,Subject: ,0
3177,ham,Subject: ,0
3178,ham,Subject: ,0
3179,ham,Subject: ,0
3180,ham,Subject: ,0
3181,ham,Subject: ,0
3182,ham,Subject: ,0
3183,ham,Subject: ,0
3184,ham,Subject: ,0
3185,ham,Subject: ,0
3186,ham,Subject: ,0
3187,ham,Subject: ,0
3188,ham,Subject: ,0
3189,ham,Subject: ,0
3190,ham,Subject: ,0
3191,ham,Subject: ,0
3192,ham,Subject: ,0
3193,ham,Subject: ,0
3194,ham,Subject: ,0
3195,ham,Subject: ,0
3196,ham,Subject: ,0
3197,ham,Subject: ,0
3198,ham,Subject: ,0
3199,ham,Subject: ,0
3200,ham,Subject: ,0
3201,ham,Subject: ,0
3202,ham,Subject: ,0
3203,ham,Subject: ,0
3204,ham,Subject: ,0
3205,ham,Subject: ,0
3206,ham,Subject: ,0
3207,ham,Subject: ,0
3208,ham,Subject: ,0
3209,ham,Subject: ,0
3210,ham,Subject: ,0
3211,ham,Subject: ,0
3212,ham,Subject: ,0
3213,ham,Subject: ,0
3214,ham,Subject: ,0
3215,ham,Subject: ,0
3216,ham,Subject: ,0
3217,ham,Subject: ,0
3218,ham,Subject: ,0
3219,ham,Subject: ,0
3220,ham,Subject: ,0
3221,ham,Subject: ,0
3222,ham,Subject: ,0
3223,ham,Subject: ,0
3224,ham,Subject: ,0
3225,ham,Subject: ,0
3226,ham,Subject: ,0
3227,ham,Subject: ,0
3228,ham,Subject: ,0
3229,ham,Subject: ,0
3230,ham,Subject: ,0
3231,ham,Subject: ,0
3232,ham,Subject: ,0
3233,ham,Subject: ,0
3234,ham,Subject: ,0
3235,ham,Subject: ,0
3236,ham,Subject: ,0
3237,ham,Subject: ,0
3238,ham,Subject: ,0
3239,ham,Subject: ,0
3240,ham,Subject: ,0
3241,ham,Subject: ,0
3242,ham,Subject: ,0
3243,ham,Subject: ,0
3244,ham,Subject: ,0
3245,ham,Subject: ,0
3246,ham,Subject: ,0
3247,ham,Subject: ,0
3248,ham,Subject: ,0
3249,ham,Subject: ,0
3250,ham,Subject: ,0
3251,ham,Subject: ,0
3252,ham,Subject: ,0
3253,ham,Subject: ,0
3254,ham,Subject: ,0
3255,ham,Subject: ,0
3256,ham,Subject: ,0
3257,ham,Subject: ,0
3258,ham,Subject: ,0
3259,ham,Subject: ,0
3260,ham,Subject: ,0
3261,ham,Subject: ,0
3262,ham,Subject: ,0
3263,ham,Subject: ,0
3264,ham,Subject: ,0
3265,ham,Subject: ,0
3266,ham,Subject: ,0
3267,ham,Subject: ,0
3268,ham,Subject: ,0
3269,ham,Subject: ,0
3270,ham,Subject: ,0
3271,ham,Subject: ,0
3272,ham,Subject: ,0
3273,ham,Subject: ,0
3274,ham,Subject: ,0
3275,ham,Subject: ,0
3276,ham,Subject: ,0
3277,ham,Subject: ,0
3278,ham,Subject: ,0
3279,ham,Subject: ,0
3280,ham,Subject: ,0
3281,ham,Subject: ,0
3282,ham,Subject: ,0
3283,ham,Subject: ,0
3284,ham,Subject: ,0
3285,ham,Subject: ,0
3286,ham,Subject: ,0
3287,ham,Subject: ,0
3288,ham,Subject: ,0
3289,ham,Subject: ,0
3290,ham,Subject: ,0
3291,ham,Subject: ,0
3292,ham,Subject: ,0
3293,ham,Subject: ,0
3294,ham,Subject: ,0
3295,ham,Subject: ,0
3296,ham,Subject: ,0
3297,ham,Subject: ,0
3298,ham,Subject: ,0
3299,ham,Subject: ,0
3300,ham,Subject: ,0
3301,ham,Subject: ,0
3302,ham,Subject: ,0
3303,ham,Subject: ,0
3304,ham,Subject: ,0
3305,ham,Subject: ,0
3306,ham,Subject: ,0
3307,ham,Subject: ,0
3308,ham,Subject: ,0
3309,ham,Subject: ,0
3310,ham,Subject: ,0
3311,ham,Subject: ,0
3312,ham,Subject: ,0
3313,ham,Subject: ,0
3314,ham,Subject: ,0
3315,ham,Subject: ,0
3316,ham,Subject: ,0
3317,ham,Subject: ,0
3318,ham,Subject: ,0
3319,ham,Subject: ,0
3320,ham,Subject: ,0
3321,ham,Subject: ,0
3322,ham,Subject: ,0
3323,ham,Subject: ,0
3324,ham,Subject: ,0
3325,ham,Subject: ,0
3326,ham,Subject: ,0
3327,ham,Subject: ,0
3328,ham,Subject: ,0
3329,ham,Subject: ,0
3330,ham,Subject: ,0
3331,ham,Subject: ,0
3332,ham,Subject: ,0
3333,ham,Subject: ,0
3334,ham,Subject: ,0
3335,ham,Subject: ,0
3336,ham,Subject: ,0
3337,ham,Subject: ,0
3338,ham,Subject: ,0
3339,ham,Subject: ,0
3340,ham,Subject: ,0
3341,ham,Subject: ,0
3342,ham,Subject: ,0
3343,ham,Subject: ,0
3344,ham,Subject: ,0
3345,ham,Subject: ,0
3346,ham,Subject: ,0
3347,ham,Subject: ,0
3348,ham,Subject: ,0
3349,ham,Subject: ,0
3350,ham,Subject: ,0
3351,ham,Subject: ,0
3352,ham,Subject: ,0
3353,ham,Subject: ,0
3354,ham,Subject: ,0
3355,ham,Subject: ,0
3356,ham,Subject: ,0
3357,ham,Subject: ,0
3358,ham,Subject: ,0
3359,ham,Subject: ,0
3360,ham,Subject: ,0
3361,ham,Subject: ,0
3362,ham,Subject: ,0
3363,ham,Subject: ,0
3364,ham,Subject: ,0
3365,ham,Subject: ,0
3366,ham,Subject: ,0
3367,ham,Subject: ,0
3368,ham,Subject: ,0
3369,ham,Subject: ,0
3370,ham,Subject: ,0
3371,ham,Subject: ,0
3372,ham,Subject: ,0
3373,ham,Subject: ,0
3374,ham,Subject: ,0
3375,ham,Subject: ,0
3376,ham,Subject: ,0
3377,ham,Subject: ,0
3378,ham,Subject: ,0
3379,ham,Subject: ,0
3380,ham,Subject: ,0
3381,ham,Subject: ,0
3382,ham,Subject: ,0
3383,ham,Subject: ,0
3384,ham,Subject: ,0
3385,ham,Subject: ,0
3386,ham,Subject: ,0
3387,ham,Subject: ,0
3388,ham,Subject: ,0
3389,ham,Subject: ,0
3390,ham,Subject: ,0
3391,ham,Subject: ,0
3392,ham,Subject: ,0
3393,ham,Subject: ,0
3394,ham,Subject: ,0
3395,ham,Subject: ,0
3396,ham,Subject: ,0
3397,ham,Subject: ,0
3398,ham,Subject: ,0
3399,ham,Subject: ,0
3400,ham,Subject: ,0
3401,ham,Subject: ,0
3402,ham,Subject: ,0
3403,ham,Subject: ,0
3404,ham,Subject: ,0
3405,ham,Subject: ,0
3406,ham,Subject: ,0
3407,ham,Subject: ,0
3408,ham,Subject: ,0
3409,ham,Subject: ,0
3410,ham,Subject: ,0
3411,ham,Subject: ,0
3412,ham,Subject: ,0
3413,ham,Subject: ,0
3414,ham,Subject: ,0
3415,ham,Subject: ,0
3416,ham,Subject: ,0
3417,ham,Subject: ,0
3418,ham,Subject: ,0
3419,ham,Subject: ,0
3420,ham,Subject: ,0
3421,ham,Subject: ,0
3422,ham,Subject: ,0
3423,ham,Subject: ,0
3424,ham,Subject: ,0
3425,ham,Subject: ,0
3426,ham,Subject: ,0
3427,ham,Subject: ,0
3428,ham,Subject: ,0
3429,ham,Subject: ,0
3430,ham,Subject: ,0
3431,ham,Subject: ,0
3432,ham,Subject: ,0
3433,ham,Subject: ,0
3434,ham,Subject: ,0
3435,ham,Subject: ,0
3436,ham,Subject: ,0
3437,ham,Subject: ,0
3438,ham,Subject: ,0
3439,ham,Subject: ,0
3440,ham,Subject: ,0
3441,ham,Subject: ,0
3442,ham,Subject: ,0
3443,ham,Subject: ,0
3444,ham,Subject: ,0
3445,ham,Subject: ,0
3446,ham,Subject: ,0
3447,ham,Subject: ,0
3448,ham,Subject: ,0
3449,ham,Subject: ,0
3450,ham,Subject: ,0
3451,ham,Subject: ,0
3452,ham,Subject: ,0
3453,ham,Subject: ,0
3454,ham,Subject: ,0
3455,ham,Subject: ,0
3456,ham,Subject: ,0
3457,ham,Subject: ,0
3458,ham,Subject: ,0
3459,ham,Subject: ,0
3460,ham,Subject: ,0
3461,ham,Subject: ,0
3462,ham,Subject: ,0
3463,ham,Subject: ,0
3464,ham,Subject: ,0
3465,ham,Subject: ,0
3466,ham,Subject: ,0
3467,ham,Subject: ,0
3468,ham,Subject: ,0
3469,ham,Subject: ,0
3470,ham,Subject: ,0
3471,ham,Subject: ,0
3472,ham,Subject: ,0
3473,ham,Subject: ,0
3474,ham,Subject: ,0
3475,ham,Subject: ,0
3476,ham,Subject: ,0
3477,ham,Subject: ,0
3478,ham,Subject: ,0
3479,ham,Subject: ,0
3480,ham,Subject: ,0
3481,ham,Subject: ,0
3482,ham,Subject: ,0
3483,ham,Subject: ,0
3484,ham,Subject: ,0
3485,ham,Subject: ,0
3486,ham,Subject: ,0
3487,ham,Subject: ,0
3488,ham,Subject: ,0
3489,ham,Subject: ,0
3490,ham,Subject: ,0
3491,ham,Subject: ,0
3492,ham,Subject: ,0
3493,ham,Subject: ,0
3494,ham,Subject: ,0
3495,ham,Subject: ,0
3496,ham,Subject: ,0
3497,ham,Subject: ,0
3498,ham,Subject: ,0
3499,ham,Subject: ,0
3500,ham,Subject: ,0
3501,ham,Subject: ,0
3502,ham,Subject: ,0
3503,ham,Subject: ,0
3504,ham,Subject: ,0
3505,ham,Subject: ,0
3506,ham,Subject: ,0
3507,ham,Subject: ,0
3508,ham,Subject: ,0
3509,ham,Subject: ,0
3510,ham,Subject: ,0
3511,ham,Subject: ,0
3512,ham,Subject: ,0
3513,ham,Subject: ,0
3514,ham,Subject: ,0
3515,ham,Subject: ,0
3516,ham,Subject: ,0
3517,ham,Subject: ,0
3518,ham,Subject: ,0
3519,ham,Subject: ,0
3520,ham,Subject: ,0
3521,ham,Subject: ,0
3522,ham,Subject: ,0
3523,ham,Subject: ,0
3524,ham,Subject: ,0
3525,ham,Subject: ,0
3526,ham,Subject: ,0
3527,ham,Subject: ,0
3528,ham,Subject: ,0
3529,ham,Subject: ,0
3530,ham,Subject: ,0
3531,ham,Subject: ,0
3532,ham,Subject: ,0
3533,ham,Subject: ,0
3534,ham,Subject: ,0
3535,ham,Subject: ,0
3536,ham,Subject: ,0
3537,ham,Subject: ,0
3538,ham,Subject: ,0
3539,ham,Subject: ,0
3540,ham,Subject: ,0
3541,ham,Subject: ,0
3542,ham,Subject: ,0
3543,ham,Subject: ,0
3544,ham,Subject: ,0
3545,ham,Subject: ,0
3546,ham,Subject: ,0
3547,ham,Subject: ,0
3548,ham,Subject: ,0
3549,ham,Subject: ,0
3550,ham,Subject: ,0
3551,ham,Subject: ,0
3552,ham,Subject: ,0
3553,ham,Subject: ,0
3554,ham,Subject: ,0
3555,ham,Subject: ,0
3556,ham,Subject: ,0
3557,ham,Subject: ,0
3558,ham,Subject: ,0
3559,ham,Subject: ,0
3560,ham,Subject: ,0
3561,ham,Subject: ,0
3562,ham,Subject: ,0
3563,ham,Subject: ,0
3564,ham,Subject: ,0
3565,ham,Subject: ,0
3566,ham,Subject: ,0
3567,ham,Subject: ,0
3568,ham,Subject: ,0
3569,ham,Subject: ,0
3570,ham,Subject: ,0
3571,ham,Subject: ,0
3572,ham,Subject: ,0
3573,ham,Subject: ,0
3574,ham,Subject: ,0
3575,ham,Subject: ,0
3576,ham,Subject: ,0
3577,ham,Subject: ,0
3578,ham,Subject: ,0
3579,ham,Subject: ,0
3580,ham,Subject: ,0
3581,ham,Subject: ,0
3582,ham,Subject: ,0
3583,ham,Subject: ,0
3584,ham,Subject: ,0
3585,ham,Subject: ,0
3586,ham,Subject: ,0
3587,ham,Subject: ,0
3588,ham,Subject: ,0
3589,ham,Subject: ,0
3590,ham,Subject: ,0
3591,ham,Subject: ,0
3592,ham,Subject: ,0
3593,ham,Subject: ,0
3594,ham,Subject: ,0
3595,ham,Subject: ,0
3596,ham,Subject: ,0
3597,ham,Subject: ,0
3598,ham,Subject: ,0
3599,ham,Subject: ,0
3600,ham,Subject: ,0
3601,ham,Subject: ,0
3602,ham,Subject: ,0
3603,ham,Subject: ,0
3604,ham,Subject: ,0
3605,ham,Subject: ,0
3606,ham,Subject: ,0
3607,ham,Subject: ,0
3608,ham,Subject: ,0
3609,ham,Subject: ,0
3610,ham,Subject: ,0
3611,ham,Subject: ,0
3612,ham,Subject: ,0
3613,ham,Subject: ,0
3614,ham,Subject: ,0
3615,ham,Subject: ,0
3616,ham,Subject: ,0
3617,ham,Subject: ,0
3618,ham,Subject: ,0
3619,ham,Subject: ,0
3620,ham,Subject: ,0
3621,ham,Subject: ,0
3622,ham,Subject: ,0
3623,ham,Subject: ,0
3624,ham,Subject: ,0
3625,ham,Subject: ,0
3626,ham,Subject: ,0
3627,ham,Subject: ,0
3628,ham,Subject: ,0
3629,ham,Subject: ,0
3630,ham,Subject: ,0
3631,ham,Subject: ,0
3632,ham,Subject: ,0
3633,ham,Subject: ,0
3634,ham,Subject: ,0
3635,ham,Subject: ,0
3636,ham,Subject: ,0
3637,ham,Subject: ,0
3638,ham,Subject: ,0
3639,ham,Subject: ,0
3640,ham,Subject: ,0
3641,ham,Subject: ,0
3642,ham,Subject: ,0
3643,ham,Subject: ,0
3644,ham,Subject: ,0
3645,ham,Subject: ,0
3646,ham,Subject: ,0
3647,ham,Subject: ,0
3648,ham,Subject: ,0
3649,ham,Subject: ,0
3650,ham,Subject: ,0
3651,ham,Subject: ,0
3652,ham,Subject: ,0
3653,ham,Subject: ,0
3654,ham,Subject: ,0
3655,ham,Subject: ,0
3656,ham,Subject: ,0
3657,ham,Subject: ,0
3658,ham,Subject: ,0
3659,ham,Subject: ,0
3660,ham,Subject: ,0
3661,ham,Subject: ,0
3662,ham,Subject: ,0
3663,ham,Subject: ,0
3664,ham,Subject: ,0
3665,ham,Subject: ,0
3666,ham,Subject: ,0
3667,ham,Subject: ,0
3668,ham,Subject: ,0
3669,ham,Subject: ,0
3670,ham,Subject: ,0
3671,ham,Subject: ,0
