3672,spam,Subject: ,1
3673,spam,Subject: ,1
3674,spam,Subject: ,1
3675,spam,Subject: ,1
3676,spam,Subject: ,1
3677,spam,Subject: ,1
3678,spam,Subject: ,1
3679,spam,Subject: ,1
3680,spam,Subject: ,1
3681,spam,Subject: ,1
3682,spam,Subject: ,1
3683,spam,Subject: ,1
3684,spam,Subject: ,1
3685,spam,Subject: ,1
3686,spam,Subject: ,1
3687,spam,Subject: ,1
3688,spam,Subject: ,1
3689,spam,Subject: ,1
3690,spam,Subject: ,1
3691,spam,Subject: ,1
3692,spam,Subject: ,1
3693,spam,Subject: ,1
3694,spam,Subject: ,1
3695,spam,Subject: ,1
3696,spam,Subject: ,1
3697,spam,Subject: ,1
3698,spam,Subject: ,1
3699,spam,Subject: ,1
3700,spam,Subject: ,1
3701,spam,Subject: ,1
3702,spam,Subject: ,1
3703,spam,Subject: ,1
3704,spam,Subject: ,1
3705,spam,Subject: ,1
3706,spam,Subject: ,1
3707,spam,Subject: ,1
3708,spam,Subject: ,1
3709,spam,Subject: ,1
3710,spam,Subject: ,1
3711,spam,Subject: ,1
3712,spam,Subject: ,1
3713,spam,Subject: ,1
3714,spam,Subject: ,1
3715,spam,Subject: ,1
3716,spam,Subject: ,1
3717,spam,Subject: ,1
3718,spam,Subject: ,1
3719,spam,Subject: ,1
3720,spam,Subject: ,1
3721,spam,Subject: ,1
3722,spam,Subject: ,1
3723,spam,Subject: ,1
3724,spam,Subject: ,1
3725,spam,Subject: ,1
3726,spam,Subject: ,1
3727,spam,Subject: ,1
3728,spam,Subject: ,1
3729,spam,Subject: ,1
3730,spam,Subject: ,1
3731,spam,Subject: ,1
3732,spam,Subject: ,1
3733,spam,Subject: ,1
3734,spam,Subject: ,1
3735,spam,Subject: ,1
3736,spam,Subject: ,1
3737,spam,Subject: ,1
3738,spam,Subject: ,1
3739,spam,Subject: ,1
3740,spam,Subject: ,1
3741,spam,Subject: ,1
3742,spam,Subject: ,1
3743,spam,Subject: ,1
3744,spam,Subject: ,1
3745,spam,Subject: ,1
3746,spam,Subject: ,1
3747,spam,Subject: ,1
3748,spam,Subject: ,1
3749,spam,Subject: ,1
3750,spam,Subject: ,1
3751,spam,Subject: ,1
3752,spam,Subject: ,1
3753,spam,Subject: ,1
3754,spam,Subject: ,1
3755,spam,Subject: ,1
3756,spam,Subject: ,1
3757,spam,Subject: ,1
3758,spam,Subject: ,1
3759,spam,Subject: ,1
3760,spam,Subject: ,1
3761,spam,Subject: ,1
3762,spam,Subject: ,1
3763,spam,Subject: ,1
3764,spam,Subject: ,1
3765,spam,Subject: ,1
3766,spam,Subject: ,1
3767,spam,Subject: ,1
3768,spam,Subject: ,1
3769,spam,Subject: ,1
3770,spam,Subject: ,1
3771,spam,Subject: ,1
3772,spam,Subject: ,1
3773,spam,Subject: ,1
3774,spam,Subject: ,1
3775,spam,Subject: ,1
3776,spam,Subject: ,1
3777,spam,Subject: ,1
3778,spam,Subject: ,1
3779,spam,Subject: ,1
3780,spam,Subject: ,1
3781,spam,Subject: ,1
3782,spam,Subject: ,1
3783,spam,Subject: ,1
3784,spam,Subject: ,1
3785,spam,Subject: ,1
3786,spam,Subject: ,1
3787,spam,Subject: ,1
3788,spam,Subject: ,1
3789,spam,Subject: ,1
3790,spam,Subject: ,1
3791,spam,Subject: ,1
3792,spam,Subject: ,1
3793,spam,Subject: ,1
3794,spam,Subject: ,1
3795,spam,Subject: ,1
3796,spam,Subject: ,1
3797,spam,Subject: ,1
3798,spam,Subject: ,1
3799,spam,Subject: ,1
3800,spam,Subject: ,1
3801,spam,Subject: ,1
3802,spam,Subject: ,1
3803,spam,Subject: ,1
3804,spam,Subject: ,1
3805,spam,Subject: ,1
3806,spam,Subject: ,1
3807,spam,Subject: ,1
3808,spam,Subject: ,1
3809,spam,Subject: ,1
3810,spam,Subject: ,1
3811,spam,Subject: ,1
3812,spam,Subject: ,1
3813,spam,Subject: ,1
3814,spam,Subject: ,1
3815,spam,Subject: ,1
3816,spam,Subject: ,1
3817,spam,Subject: ,1
3818,spam,Subject: ,1
3819,spam,Subject: ,1
3820,spam,Subject: ,1
3821,spam,Subject: ,1
3822,spam,Subject: ,1
3823,spam,Subject: ,1
3824,spam,Subject: ,1
3825,spam,Subject: ,1
3826,spam,Subject: ,1
3827,spam,Subject: ,1
3828,spam,Subject: ,1
3829,spam,Subject: ,1
3830,spam,Subject: ,1
3831,spam,Subject: ,1
3832,spam,Subject: ,1
3833,spam,Subject: ,1
3834,spam,Subject: ,1
3835,spam,Subject: ,1
3836,spam,Subject: ,1
3837,spam,Subject: ,1
3838,spam,Subject: ,1
3839,spam,Subject: ,1
3840,spam,Subject: ,1
3841,spam,Subject: ,1
3842,spam,Subject: ,1
3843,spam,Subject: ,1
3844,spam,Subject: ,1
3845,spam,Subject: ,1
3846,spam,Subject: ,1
3847,spam,Subject: ,1
3848,spam,Subject: ,1
3849,spam,Subject: ,1
3850,spam,Subject: ,1
3851,spam,Subject: ,1
3852,spam,Subject: ,1
3853,spam,Subject: ,1
3854,spam,Subject: ,1
3855,spam,Subject: ,1
3856,spam,Subject: ,1
3857,spam,Subject: ,1
3858,spam,Subject: ,1
3859,spam,Subject: ,1
3860,spam,Subject: ,1
3861,spam,Subject: ,1
3862,spam,Subject: ,1
3863,spam,Subject: ,1
3864,spam,Subject: ,1
3865,spam,Subject: ,1
3866,spam,Subject: ,1
3867,spam,Subject: ,1
3868,spam,Subject: ,1
3869,spam,Subject: ,1
3870,spam,Subject: ,1
3871,spam,Subject: ,1
3872,spam,Subject: ,1
3873,spam,Subject: ,1
3874,spam,Subject: ,1
3875,spam,Subject: ,1
3876,spam,Subject: ,1
3877,spam,Subject: ,1
3878,spam,Subject: ,1
3879,spam,Subject: ,1
3880,spam,Subject: ,1
3881,spam,Subject: ,1
3882,spam,Subject: ,1
3883,spam,Subject: ,1
3884,spam,Subject: ,1
3885,spam,Subject: ,1
3886,spam,Subject: ,1
3887,spam,Subject: ,1
3888,spam,Subject: ,1
3889,spam,Subject: ,1
3890,spam,Subject: ,1
3891,spam,Subject: ,1
3892,spam,Subject: ,1
3893,spam,Subject: ,1
3894,spam,Subject: ,1
3895,spam,Subject: ,1
3896,spam,Subject: ,1
3897,spam,Subject: ,1
3898,spam,Subject: ,1
3899,spam,Subject: ,1
3900,spam,Subject: ,1
3901,spam,Subject: ,1
3902,spam,Subject: ,1
3903,spam,Subject: ,1
3904,spam,Subject: ,1
3905,spam,Subject: ,1
3906,spam,Subject: ,1
3907,spam,Subject: ,1
3908,spam,Subject: ,1
3909,spam,Subject: ,1
3910,spam,Subject: ,1
3911,spam,Subject: ,1
3912,spam,Subject: ,1
3913,spam,Subject: ,1
3914,spam,Subject: ,1
3915,spam,Subject: ,1
3916,spam,Subject: ,1
3917,spam,Subject: ,1
3918,spam,Subject: ,1
3919,spam,Subject: ,1
3920,spam,Subject: ,1
3921,spam,Subject: ,1
3922,spam,Subject: ,1
3923,spam,Subject: ,1
3924,spam,Subject: ,1
3925,spam,Subject: ,1
3926,spam,Subject: ,1
3927,spam,Subject: ,1
3928,spam,Subject: ,1
3929,spam,Subject: ,1
3930,spam,Subject: ,1
3931,spam,Subject: ,1
3932,spam,Subject: ,1
3933,spam,Subject: ,1
3934,spam,Subject: ,1
3935,spam,Subject: ,1
3936,spam,Subject: ,1
3937,spam,Subject: ,1
3938,spam,Subject: ,1
3939,spam,Subject: ,1
3940,spam,Subject: ,1
3941,spam,Subject: ,1
3942,spam,Subject: ,1
3943,spam,Subject: ,1
3944,spam,Subject: ,1
3945,spam,Subject: ,1
3946,spam,Subject: ,1
3947,spam,Subject: ,1
3948,spam,Subject: ,1
3949,spam,Subject: ,1
3950,spam,Subject: ,1
3951,spam,Subject: ,1
3952,spam,Subject: ,1
3953,spam,Subject: ,1
3954,spam,Subject: ,1
3955,spam,Subject: ,1
3956,spam,Subject: ,1
3957,spam,Subject: ,1
3958,spam,Subject: ,1
3959,spam,Subject: ,1
3960,spam,Subject: ,1
3961,spam,Subject: ,1
3962,spam,Subject: ,1
3963,spam,Subject: ,1
3964,spam,Subject: ,1
3965,spam,Subject: ,1
3966,spam,Subject: ,1
3967,spam,Subject: ,1
3968,spam,Subject: ,1
3969,spam,Subject: ,1
3970,spam,Subject: ,1
3971,spam,Subject: ,1
3972,spam,Subject: ,1
3973,spam,Subject: ,1
3974,spam,Subject: ,1
3975,spam,iamspam,1
3976,spam,Subject: ,1
3977,spam,Subject: ,1
3978,spam,Subject: ,1
3979,spam,Subject: ,1
3980,spam,Subject: ,1
3981,spam,Subject: ,1
3982,spam,Subject: ,1
3983,spam,Subject: ,1
3984,spam,Subject: ,1
3985,spam,Subject: ,1
3986,spam,Subject: ,1
3987,spam,Subject: ,1
3988,spam,Subject: ,1
3989,spam,Subject: ,1
3990,spam,Subject: ,1
3991,spam,Subject: ,1
3992,spam,Subject: ,1
3993,spam,Subject: ,1
3994,spam,Subject: ,1
3995,spam,Subject: ,1
3996,spam,Subject: ,1
3997,spam,Subject: ,1
3998,spam,Subject: ,1
3999,spam,Subject: ,1
4000,spam,Subject: ,1
4001,spam,Subject: ,1
4002,spam,Subject: ,1
4003,spam,Subject: ,1
4004,spam,Subject: ,1
4005,spam,Subject: ,1
4006,spam,Subject: ,1
4007,spam,Subject: ,1
4008,spam,Subject: ,1
4009,spam,Subject: ,1
4010,spam,Subject: ,1
4011,spam,Subject: ,1
4012,spam,Subject: ,1
4013,spam,Subject: ,1
4014,spam,Subject: ,1
4015,spam,Subject: ,1
4016,spam,Subject: ,1
4017,spam,Subject: ,1
4018,spam,Subject: ,1
4019,spam,Subject: ,1
4020,spam,Subject: ,1
4021,spam,Subject: ,1
4022,spam,Subject: ,1
4023,spam,Subject: ,1
4024,spam,Subject: ,1
4025,spam,Subject: ,1
4026,spam,Subject: ,1
4027,spam,Subject: ,1
4028,spam,Subject: ,1
4029,spam,Subject: ,1
4030,spam,Subject: ,1
4031,spam,Subject: ,1
4032,spam,Subject: ,1
4033,spam,Subject: ,1
4034,spam,Subject: ,1
4035,spam,Subject: ,1
4036,spam,Subject: ,1
4037,spam,Subject: ,1
4038,spam,Subject: ,1
4039,spam,Subject: ,1
4040,spam,Subject: ,1
4041,spam,Subject: ,1
4042,spam,Subject: ,1
4043,spam,Subject: ,1
4044,spam,Subject: ,1
4045,spam,Subject: ,1
4046,spam,Subject: ,1
4047,spam,Subject: ,1
4048,spam,Subject: ,1
4049,spam,Subject: ,1
4050,spam,Subject: ,1
4051,spam,Subject: ,1
4052,spam,Subject: ,1
4053,spam,Subject: ,1
4054,spam,Subject: ,1
4055,spam,Subject: ,1
4056,spam,Subject: ,1
4057,spam,Subject: ,1
4058,spam,Subject: ,1
4059,spam,Subject: ,1
4060,spam,Subject: ,1
4061,spam,Subject: ,1
4062,spam,Subject: ,1
4063,spam,Subject: ,1
4064,spam,Subject: ,1
4065,spam,Subject: ,1
4066,spam,Subject: ,1
4067,spam,Subject: ,1
4068,spam,Subject: ,1
4069,spam,Subject: ,1
4070,spam,Subject: ,1
4071,spam,Subject: ,1
4072,spam,Subject: ,1
4073,spam,Subject: ,1
4074,spam,Subject: ,1
4075,spam,Subject: ,1
4076,spam,Subject: ,1
4077,spam,Subject: ,1
4078,spam,Subject: ,1
4079,spam,Subject: ,1
4080,spam,Subject: ,1
4081,spam,Subject: ,1
4082,spam,Subject: ,1
4083,spam,Subject: ,1
4084,spam,Subject: ,1
4085,spam,Subject: ,1
4086,spam,Subject: ,1
4087,spam,Subject: ,1
4088,spam,Subject: ,1
4089,spam,Subject: ,1
4090,spam,Subject: ,1
4091,spam,Subject: ,1
4092,spam,Subject: ,1
4093,spam,Subject: ,1
4094,spam,Subject: ,1
4095,spam,Subject: ,1
4096,spam,Subject: ,1
4097,spam,Subject: ,1
4098,spam,Subject: ,1
4099,spam,Subject: ,1
4100,spam,Subject: ,1
4101,spam,Subject: ,1
4102,spam,Subject: ,1
4103,spam,Subject: ,1
4104,spam,Subject: ,1
4105,spam,Subject: ,1
4106,spam,Subject: ,1
4107,spam,Subject: ,1
4108,spam,Subject: ,1
4109,spam,Subject: ,1
4110,spam,Subject: ,1
4111,spam,Subject: ,1
4112,spam,Subject: ,1
4113,spam,Subject: ,1
4114,spam,Subject: ,1
4115,spam,Subject: ,1
4116,spam,Subject: ,1
4117,spam,Subject: ,1
4118,spam,Subject: ,1
4119,spam,Subject: ,1
4120,spam,Subject: ,1
4121,spam,Subject: ,1
4122,spam,Subject: ,1
4123,spam,Subject: ,1
4124,spam,Subject: ,1
4125,spam,Subject: ,1
4126,spam,Subject: ,1
4127,spam,Subject: ,1
4128,spam,Subject: ,1
4129,spam,Subject: ,1
4130,spam,Subject: ,1
4131,spam,Subject: ,1
4132,spam,Subject: ,1
4133,spam,Subject: ,1
4134,spam,Subject: ,1
4135,spam,Subject: ,1
4136,spam,Subject: ,1
4137,spam,Subject: ,1
4138,spam,Subject: ,1
4139,spam,Subject: ,1
4140,spam,Subject: ,1
4141,spam,Subject: ,1
4142,spam,Subject: ,1
4143,spam,Subject: ,1
4144,spam,Subject: ,1
4145,spam,Subject: ,1
4146,spam,Subject: ,1
4147,spam,Subject: ,1
4148,spam,Subject: ,1
4149,spam,Subject: ,1
4150,spam,Subject: ,1
4151,spam,Subject: ,1
4152,spam,Subject: ,1
4153,spam,Subject: ,1
4154,spam,Subject: ,1
4155,spam,Subject: ,1
4156,spam,Subject: ,1
4157,spam,Subject: ,1
4158,spam,Subject: ,1
4159,spam,Subject: ,1
4160,spam,Subject: ,1
4161,spam,Subject: ,1
4162,spam,Subject: ,1
4163,spam,Subject: ,1
4164,spam,Subject: ,1
4165,spam,Subject: ,1
4166,spam,Subject: ,1
4167,spam,Subject: ,1
4168,spam,Subject: ,1
4169,spam,Subject: ,1
4170,spam,Subject: ,1
4171,spam,Subject: ,1
4172,spam,Subject: ,1
4173,spam,Subject: ,1
4174,spam,Subject: ,1
4175,spam,Subject: ,1
4176,spam,Subject: ,1
4177,spam,Subject: ,1
4178,spam,Subject: ,1
4179,spam,Subject: ,1
4180,spam,Subject: ,1
4181,spam,Subject: ,1
4182,spam,Subject: ,1
4183,spam,Subject: ,1
4184,spam,Subject: ,1
4185,spam,Subject: ,1
4186,spam,Subject: ,1
4187,spam,Subject: ,1
4188,spam,Subject: ,1
4189,spam,Subject: ,1
4190,spam,Subject: ,1
4191,spam,Subject: ,1
4192,spam,Subject: ,1
4193,spam,Subject: ,1
4194,spam,Subject: ,1
4195,spam,Subject: ,1
4196,spam,Subject: ,1
4197,spam,Subject: ,1
4198,spam,Subject: ,1
4199,spam,Subject: ,1
4200,spam,Subject: ,1
4201,spam,Subject: ,1
4202,spam,Subject: ,1
4203,spam,Subject: ,1
4204,spam,Subject: ,1
4205,spam,Subject: ,1
4206,spam,Subject: ,1
4207,spam,Subject: ,1
4208,spam,Subject: ,1
4209,spam,Subject: ,1
4210,spam,Subject: ,1
4211,spam,Subject: ,1
4212,spam,Subject: ,1
4213,spam,Subject: ,1
4214,spam,Subject: ,1
4215,spam,Subject: ,1
4216,spam,Subject: ,1
4217,spam,Subject: ,1
4218,spam,Subject: ,1
4219,spam,Subject: ,1
4220,spam,Subject: ,1
4221,spam,Subject: ,1
4222,spam,Subject: ,1
4223,spam,Subject: ,1
4224,spam,Subject: ,1
4225,spam,Subject: ,1
4226,spam,Subject: ,1
4227,spam,Subject: ,1
4228,spam,Subject: ,1
4229,spam,Subject: ,1
4230,spam,Subject: ,1
4231,spam,Subject: ,1
4232,spam,Subject: ,1
4233,spam,Subject: ,1
4234,spam,Subject: ,1
4235,spam,Subject: ,1
4236,spam,Subject: ,1
4237,spam,Subject: ,1
4238,spam,Subject: ,1
4239,spam,Subject: ,1
4240,spam,Subject: ,1
4241,spam,Subject: ,1
4242,spam,Subject: ,1
4243,spam,Subject: ,1
4244,spam,Subject: ,1
4245,spam,Subject: ,1
4246,spam,Subject: ,1
4247,spam,Subject: ,1
4248,spam,Subject: ,1
4249,spam,Subject: ,1
4250,spam,Subject: ,1
4251,spam,Subject: ,1
4252,spam,Subject: ,1
4253,spam,Subject: ,1
4254,spam,Subject: ,1
4255,spam,Subject: ,1
4256,spam,Subject: ,1
4257,spam,Subject: ,1
4258,spam,Subject: ,1
4259,spam,Subject: ,1
4260,spam,Subject: ,1
4261,spam,Subject: ,1
4262,spam,Subject: ,1
4263,spam,Subject: ,1
4264,spam,Subject: ,1
4265,spam,Subject: ,1
4266,spam,Subject: ,1
4267,spam,Subject: ,1
4268,spam,Subject: ,1
4269,spam,Subject: ,1
4270,spam,Subject: ,1
4271,spam,Subject: ,1
4272,spam,Subject: ,1
4273,spam,Subject: ,1
4274,spam,Subject: ,1
4275,spam,Subject: ,1
4276,spam,Subject: ,1
4277,spam,Subject: ,1
4278,spam,Subject: ,1
4279,spam,Subject: ,1
4280,spam,Subject: ,1
4281,spam,Subject: ,1
4282,spam,Subject: ,1
4283,spam,Subject: ,1
4284,spam,Subject: ,1
4285,spam,Subject: ,1
4286,spam,Subject: ,1
4287,spam,Subject: ,1
4288,spam,Subject: ,1
4289,spam,Subject: ,1
4290,spam,Subject: ,1
4291,spam,Subject: ,1
4292,spam,Subject: ,1
4293,spam,Subject: ,1
4294,spam,Subject: ,1
4295,spam,Subject: ,1
4296,spam,Subject: ,1
4297,spam,Subject: ,1
4298,spam,Subject: ,1
4299,spam,Subject: ,1
4300,spam,Subject: ,1
4301,spam,Subject: ,1
4302,spam,Subject: ,1
4303,spam,Subject: ,1
4304,spam,Subject: ,1
4305,spam,Subject: ,1
4306,spam,Subject: ,1
4307,spam,Subject: ,1
4308,spam,Subject: ,1
4309,spam,Subject: ,1
4310,spam,Subject: ,1
4311,spam,Subject: ,1
4312,spam,Subject: ,1
4313,spam,Subject: ,1
4314,spam,Subject: ,1
4315,spam,Subject: ,1
4316,spam,Subject: ,1
4317,spam,Subject: ,1
4318,spam,Subject: ,1
4319,spam,Subject: ,1
4320,spam,Subject: ,1
4321,spam,Subject: ,1
4322,spam,Subject: ,1
4323,spam,Subject: ,1
4324,spam,Subject: ,1
4325,spam,Subject: ,1
4326,spam,Subject: ,1
4327,spam,Subject: ,1
4328,spam,Subject: ,1
4329,spam,Subject: ,1
4330,spam,Subject: ,1
4331,spam,Subject: ,1
4332,spam,Subject: ,1
4333,spam,Subject: ,1
4334,spam,Subject: ,1
4335,spam,Subject: ,1
4336,spam,Subject: ,1
4337,spam,Subject: ,1
4338,spam,Subject: ,1
4339,spam,Subject: ,1
4340,spam,Subject: ,1
4341,spam,Subject: ,1
4342,spam,Subject: ,1
4343,spam,Subject: ,1
4344,spam,Subject: ,1
4345,spam,Subject: ,1
4346,spam,Subject: ,1
4347,spam,Subject: ,1
4348,spam,Subject: ,1
4349,spam,Subject: ,1
4350,spam,Subject: ,1
4351,spam,Subject: ,1
4352,spam,Subject: ,1
4353,spam,Subject: ,1
4354,spam,Subject: ,1
4355,spam,Subject: ,1
4356,spam,Subject: ,1
4357,spam,Subject: ,1
4358,spam,Subject: ,1
4359,spam,Subject: ,1
4360,spam,Subject: ,1
4361,spam,Subject: ,1
4362,spam,Subject: ,1
4363,spam,Subject: ,1
4364,spam,Subject: ,1
4365,spam,Subject: ,1
4366,spam,Subject: ,1
4367,spam,Subject: ,1
4368,spam,Subject: ,1
4369,spam,Subject: ,1
4370,spam,Subject: ,1
4371,spam,Subject: ,1
4372,spam,Subject: ,1
4373,spam,Subject: ,1
4374,spam,Subject: ,1
4375,spam,Subject: ,1
4376,spam,Subject: ,1
4377,spam,Subject: ,1
4378,spam,Subject: ,1
4379,spam,Subject: ,1
4380,spam,Subject: ,1
4381,spam,Subject: ,1
4382,spam,Subject: ,1
4383,spam,Subject: ,1
4384,spam,Subject: ,1
4385,spam,Subject: ,1
4386,spam,Subject: ,1
4387,spam,Subject: ,1
4388,spam,Subject: ,1
4389,spam,Subject: ,1
4390,spam,Subject: ,1
4391,spam,Subject: ,1
4392,spam,Subject: ,1
4393,spam,Subject: ,1
4394,spam,Subject: ,1
4395,spam,Subject: ,1
4396,spam,Subject: ,1
4397,spam,Subject: ,1
4398,spam,Subject: ,1
4399,spam,Subject: ,1
4400,spam,Subject: ,1
4401,spam,Subject: ,1
4402,spam,Subject: ,1
4403,spam,Subject: ,1
4404,spam,Subject: ,1
4405,spam,Subject: ,1
4406,spam,Subject: ,1
4407,spam,Subject: ,1
4408,spam,Subject: ,1
4409,spam,Subject: ,1
4410,spam,Subject: ,1
4411,spam,Subject: ,1
4412,spam,Subject: ,1
4413,spam,Subject: ,1
4414,spam,Subject: ,1
4415,spam,Subject: ,1
4416,spam,Subject: ,1
4417,spam,Subject: ,1
4418,spam,Subject: ,1
4419,spam,Subject: ,1
4420,spam,Subject: ,1
4421,spam,Subject: ,1
4422,spam,Subject: ,1
4423,spam,Subject: ,1
4424,spam,Subject: ,1
4425,spam,Subject: ,1
4426,spam,Subject: ,1
4427,spam,Subject: ,1
4428,spam,Subject: ,1
4429,spam,Subject: ,1
4430,spam,Subject: ,1
4431,spam,Subject: ,1
4432,spam,Subject: ,1
4433,spam,Subject: ,1
4434,spam,Subject: ,1
4435,spam,Subject: ,1
4436,spam,Subject: ,1
4437,spam,Subject: ,1
4438,spam,Subject: ,1
4439,spam,Subject: ,1
4440,spam,Subject: ,1
4441,spam,Subject: ,1
4442,spam,Subject: ,1
4443,spam,Subject: ,1
4444,spam,Subject: ,1
4445,spam,Subject: ,1
4446,spam,Subject: ,1
4447,spam,Subject: ,1
4448,spam,Subject: ,1
4449,spam,Subject: ,1
4450,spam,Subject: ,1
4451,spam,Subject: ,1
4452,spam,Subject: ,1
4453,spam,Subject: ,1
4454,spam,Subject: ,1
4455,spam,Subject: ,1
4456,spam,Subject: ,1
4457,spam,Subject: ,1
4458,spam,Subject: ,1
4459,spam,Subject: ,1
4460,spam,Subject: ,1
4461,spam,Subject: ,1
4462,spam,Subject: ,1
4463,spam,Subject: ,1
4464,spam,Subject: ,1
4465,spam,Subject: ,1
4466,spam,Subject: ,1
4467,spam,Subject: ,1
4468,spam,Subject: ,1
4469,spam,Subject: ,1
4470,spam,Subject: ,1
4471,spam,Subject: ,1
4472,spam,Subject: ,1
4473,spam,Subject: ,1
4474,spam,Subject: ,1
4475,spam,Subject: ,1
4476,spam,Subject: ,1
4477,spam,Subject: ,1
4478,spam,Subject: ,1
4479,spam,Subject: ,1
4480,spam,Subject: ,1
4481,spam,Subject: ,1
4482,spam,Subject: ,1
4483,spam,Subject: ,1
4484,spam,Subject: ,1
4485,spam,Subject: ,1
4486,spam,Subject: ,1
4487,spam,Subject: ,1
4488,spam,Subject: ,1
4489,spam,Subject: ,1
4490,spam,Subject: ,1
4491,spam,Subject: ,1
4492,spam,Subject: ,1
4493,spam,Subject: ,1
4494,spam,Subject: ,1
4495,spam,Subject: ,1
4496,spam,Subject: ,1
4497,spam,Subject: ,1
4498,spam,Subject: ,1
4499,spam,Subject: ,1
4500,spam,Subject: ,1
4501,spam,Subject: ,1
4502,spam,Subject: ,1
4503,spam,Subject: ,1
4504,spam,Subject: ,1
4505,spam,Subject: ,1
4506,spam,Subject: ,1
4507,spam,Subject: ,1
4508,spam,Subject: ,1
4509,spam,Subject: ,1
4510,spam,Subject: ,1
4511,spam,Subject: ,1
4512,spam,Subject: ,1
4513,spam,Subject: ,1
4514,spam,Subject: ,1
4515,spam,Subject: ,1
4516,spam,Subject: ,1
4517,spam,Subject: ,1
4518,spam,Subject: ,1
4519,spam,Subject: ,1
4520,spam,Subject: ,1
4521,spam,Subject: ,1
4522,spam,Subject: ,1
4523,spam,Subject: ,1
4524,spam,Subject: ,1
4525,spam,Subject: ,1
4526,spam,Subject: ,1
4527,spam,Subject: ,1
4528,spam,Subject: ,1
4529,spam,Subject: ,1
4530,spam,Subject: ,1
4531,spam,Subject: ,1
4532,spam,Subject: ,1
4533,spam,Subject: ,1
4534,spam,Subject: ,1
4535,spam,Subject: ,1
4536,spam,Subject: ,1
4537,spam,Subject: ,1
4538,spam,Subject: ,1
4539,spam,Subject: ,1
4540,spam,Subject: ,1
4541,spam,Subject: ,1
4542,spam,Subject: ,1
4543,spam,Subject: ,1
4544,spam,Subject: ,1
4545,spam,Subject: ,1
4546,spam,Subject: ,1
4547,spam,Subject: ,1
4548,spam,Subject: ,1
4549,spam,Subject: ,1
4550,spam,Subject: ,1
4551,spam,Subject: ,1
4552,spam,Subject: ,1
4553,spam,Subject: ,1
4554,spam,Subject: ,1
4555,spam,Subject: ,1
4556,spam,Subject: ,1
4557,spam,Subject: ,1
4558,spam,Subject: ,1
4559,spam,Subject: ,1
4560,spam,Subject: ,1
4561,spam,Subject: ,1
4562,spam,Subject: ,1
4563,spam,Subject: ,1
4564,spam,Subject: ,1
4565,spam,Subject: ,1
4566,spam,Subject: ,1
4567,spam,Subject: ,1
4568,spam,Subject: ,1
4569,spam,Subject: ,1
4570,spam,Subject: ,1
4571,spam,Subject: ,1
4572,spam,Subject: ,1
4573,spam,Subject: ,1
4574,spam,Subject: ,1
4575,spam,Subject: ,1
4576,spam,Subject: ,1
4577,spam,Subject: ,1
4578,spam,Subject: ,1
4579,spam,Subject: ,1
4580,spam,Subject: ,1
4581,spam,Subject: ,1
4582,spam,Subject: ,1
4583,spam,Subject: ,1
4584,spam,Subject: ,1
4585,spam,Subject: ,1
4586,spam,Subject: ,1
4587,spam,Subject: ,1
4588,spam,Subject: ,1
4589,spam,Subject: ,1
4590,spam,Subject: ,1
4591,spam,Subject: ,1
4592,spam,Subject: ,1
4593,spam,Subject: ,1
4594,spam,Subject: ,1
4595,spam,Subject: ,1
4596,spam,Subject: ,1
4597,spam,Subject: ,1
4598,spam,Subject: ,1
4599,spam,Subject: ,1
4600,spam,Subject: ,1
4601,spam,Subject: ,1
4602,spam,Subject: ,1
4603,spam,Subject: ,1
4604,spam,Subject: ,1
4605,spam,Subject: ,1
4606,spam,Subject: ,1
4607,spam,Subject: ,1
4608,spam,Subject: ,1
4609,spam,Subject: ,1
4610,spam,Subject: ,1
4611,spam,Subject: ,1
4612,spam,Subject: ,1
4613,spam,Subject: ,1
4614,spam,Subject: ,1
4615,spam,Subject: ,1
4616,spam,Subject: ,1
4617,spam,Subject: ,1
4618,spam,Subject: ,1
4619,spam,Subject: ,1
4620,spam,Subject: ,1
4621,spam,Subject: ,1
4622,spam,Subject: ,1
4623,spam,Subject: ,1
4624,spam,Subject: ,1
4625,spam,Subject: ,1
4626,spam,Subject: ,1
4627,spam,Subject: ,1
4628,spam,Subject: ,1
4629,spam,Subject: ,1
4630,spam,Subject: ,1
4631,spam,Subject: ,1
4632,spam,Subject: ,1
4633,spam,Subject: ,1
4634,spam,Subject: ,1
4635,spam,Subject: ,1
4636,spam,Subject: ,1
4637,spam,Subject: ,1
4638,spam,Subject: ,1
4639,spam,Subject: ,1
4640,spam,Subject: ,1
4641,spam,Subject: ,1
4642,spam,Subject: ,1
4643,spam,Subject: ,1
4644,spam,Subject: ,1
4645,spam,Subject: ,1
4646,spam,Subject: ,1
4647,spam,Subject: ,1
4648,spam,Subject: ,1
4649,spam,Subject: ,1
4650,spam,Subject: ,1
4651,spam,Subject: ,1
4652,spam,Subject: ,1
4653,spam,Subject: ,1
4654,spam,Subject: ,1
4655,spam,Subject: ,1
4656,spam,Subject: ,1
4657,spam,Subject: ,1
4658,spam,Subject: ,1
4659,spam,Subject: ,1
4660,spam,Subject: ,1
4661,spam,Subject: ,1
4662,spam,Subject: ,1
4663,spam,Subject: ,1
4664,spam,Subject: ,1
4665,spam,Subject: ,1
4666,spam,Subject: ,1
4667,spam,Subject: ,1
4668,spam,Subject: ,1
4669,spam,Subject: ,1
4670,spam,Subject: ,1
4671,spam,Subject: ,1
4672,spam,Subject: ,1
4673,spam,Subject: ,1
4674,spam,Subject: ,1
4675,spam,Subject: ,1
4676,spam,Subject: ,1
4677,spam,Subject: ,1
4678,spam,Subject: ,1
4679,spam,Subject: ,1
4680,spam,Subject: ,1
4681,spam,Subject: ,1
4682,spam,Subject: ,1
4683,spam,Subject: ,1
4684,spam,Subject: ,1
4685,spam,Subject: ,1
4686,spam,Subject: ,1
4687,spam,Subject: ,1
4688,spam,Subject: ,1
4689,spam,Subject: ,1
4690,spam,Subject: ,1
4691,spam,Subject: ,1
4692,spam,Subject: ,1
4693,spam,Subject: ,1
4694,spam,Subject: ,1
4695,spam,Subject: ,1
4696,spam,Subject: ,1
4697,spam,Subject: ,1
4698,spam,Subject: ,1
4699,spam,Subject: ,1
4700,spam,Subject: ,1
4701,spam,Subject: ,1
4702,spam,Subject: ,1
4703,spam,Subject: ,1
4704,spam,Subject: ,1
4705,spam,Subject: ,1
4706,spam,Subject: ,1
4707,spam,Subject: ,1
4708,spam,Subject: ,1
4709,spam,Subject: ,1
4710,spam,Subject: ,1
4711,spam,Subject: ,1
4712,spam,Subject: ,1
4713,spam,Subject: ,1
4714,spam,Subject: ,1
4715,spam,Subject: ,1
4716,spam,Subject: ,1
4717,spam,Subject: ,1
4718,spam,Subject: ,1
4719,spam,Subject: ,1
4720,spam,Subject: ,1
4721,spam,Subject: ,1
4722,spam,Subject: ,1
4723,spam,Subject: ,1
4724,spam,Subject: ,1
4725,spam,Subject: ,1
4726,spam,Subject: ,1
4727,spam,Subject: ,1
4728,spam,Subject: ,1
4729,spam,Subject: ,1
4730,spam,Subject: ,1
4731,spam,Subject: ,1
4732,spam,Subject: ,1
4733,spam,Subject: ,1
4734,spam,Subject: ,1
4735,spam,Subject: ,1
4736,spam,Subject: ,1
4737,spam,Subject: ,1
4738,spam,Subject: ,1
4739,spam,Subject: ,1
4740,spam,Subject: ,1
4741,spam,Subject: ,1
4742,spam,Subject: ,1
4743,spam,Subject: ,1
4744,spam,Subject: ,1
4745,spam,Subject: ,1
4746,spam,Subject: ,1
4747,spam,Subject: ,1
4748,spam,Subject: ,1
4749,spam,Subject: ,1
4750,spam,Subject: ,1
4751,spam,Subject: ,1
4752,spam,Subject: ,1
4753,spam,Subject: ,1
4754,spam,Subject: ,1
4755,spam,Subject: ,1
4756,spam,Subject: ,1
4757,spam,Subject: ,1
4758,spam,Subject: ,1
4759,spam,Subject: ,1
4760,spam,Subject: ,1
4761,spam,Subject: ,1
4762,spam,Subject: ,1
4763,spam,Subject: ,1
4764,spam,Subject: ,1
4765,spam,Subject: ,1
4766,spam,Subject: ,1
4767,spam,Subject: ,1
4768,spam,Subject: ,1
4769,spam,Subject: ,1
4770,spam,Subject: ,1
4771,spam,Subject: ,1
4772,spam,Subject: ,1
4773,spam,Subject: ,1
4774,spam,Subject: ,1
4775,spam,Subject: ,1
4776,spam,Subject: ,1
4777,spam,Subject: ,1
4778,spam,Subject: ,1
4779,spam,Subject: ,1
4780,spam,Subject: ,1
4781,spam,Subject: ,1
4782,spam,Subject: ,1
4783,spam,Subject: ,1
4784,spam,Subject: ,1
4785,spam,Subject: ,1
4786,spam,Subject: ,1
4787,spam,Subject: ,1
4788,spam,Subject: ,1
4789,spam,Subject: ,1
4790,spam,Subject: ,1
4791,spam,Subject: ,1
4792,spam,Subject: ,1
4793,spam,Subject: ,1
4794,spam,Subject: ,1
4795,spam,Subject: ,1
4796,spam,Subject: ,1
4797,spam,Subject: ,1
4798,spam,Subject: ,1
4799,spam,Subject: ,1
4800,spam,Subject: ,1
4801,spam,Subject: ,1
4802,spam,Subject: ,1
4803,spam,Subject: ,1
4804,spam,Subject: ,1
4805,spam,Subject: ,1
4806,spam,Subject: ,1
4807,spam,Subject: ,1
4808,spam,Subject: ,1
4809,spam,Subject: ,1
4810,spam,Subject: ,1
4811,spam,Subject: ,1
4812,spam,Subject: ,1
4813,spam,Subject: ,1
4814,spam,Subject: ,1
4815,spam,Subject: ,1
4816,spam,Subject: ,1
4817,spam,Subject: ,1
4818,spam,Subject: ,1
4819,spam,Subject: ,1
4820,spam,Subject: ,1
4821,spam,Subject: ,1
4822,spam,Subject: ,1
4823,spam,Subject: ,1
4824,spam,Subject: ,1
4825,spam,Subject: ,1
4826,spam,Subject: ,1
4827,spam,Subject: ,1
4828,spam,Subject: ,1
4829,spam,Subject: ,1
4830,spam,Subject: ,1
4831,spam,Subject: ,1
4832,spam,Subject: ,1
4833,spam,Subject: ,1
4834,spam,Subject: ,1
4835,spam,Subject: ,1
4836,spam,Subject: ,1
4837,spam,Subject: ,1
4838,spam,Subject: ,1
4839,spam,Subject: ,1
4840,spam,Subject: ,1
4841,spam,Subject: ,1
4842,spam,Subject: ,1
4843,spam,Subject: ,1
4844,spam,Subject: ,1
4845,spam,Subject: ,1
4846,spam,Subject: ,1
4847,spam,Subject: ,1
4848,spam,Subject: ,1
4849,spam,Subject: ,1
4850,spam,Subject: ,1
4851,spam,Subject: ,1
4852,spam,Subject: ,1
4853,spam,Subject: ,1
4854,spam,Subject: ,1
4855,spam,Subject: ,1
4856,spam,Subject: ,1
4857,spam,Subject: ,1
4858,spam,Subject: ,1
4859,spam,Subject: ,1
4860,spam,Subject: ,1
4861,spam,Subject: ,1
4862,spam,Subject: ,1
4863,spam,Subject: ,1
4864,spam,Subject: ,1
4865,spam,Subject: ,1
4866,spam,Subject: ,1
4867,spam,Subject: ,1
4868,spam,Subject: ,1
4869,spam,Subject: ,1
4870,spam,Subject: ,1
4871,spam,Subject: ,1
4872,spam,Subject: ,1
4873,spam,Subject: ,1
4874,spam,Subject: ,1
4875,spam,Subject: ,1
4876,spam,Subject: ,1
4877,spam,Subject: ,1
4878,spam,Subject: ,1
4879,spam,Subject: ,1
4880,spam,Subject: ,1
4881,spam,Subject: ,1
4882,spam,Subject: ,1
4883,spam,Subject: ,1
4884,spam,Subject: ,1
4885,spam,Subject: ,1
4886,spam,Subject: ,1
4887,spam,Subject: ,1
4888,spam,Subject: ,1
4889,spam,Subject: ,1
4890,spam,Subject: ,1
4891,spam,Subject: ,1
4892,spam,Subject: ,1
4893,spam,Subject: ,1
4894,spam,Subject: ,1
4895,spam,Subject: ,1
4896,spam,Subject: ,1
4897,spam,Subject: ,1
4898,spam,Subject: ,1
4899,spam,Subject: ,1
4900,spam,Subject: ,1
4901,spam,Subject: ,1
4902,spam,Subject: ,1
4903,spam,Subject: ,1
4904,spam,Subject: ,1
4905,spam,Subject: ,1
4906,spam,Subject: ,1
4907,spam,Subject: ,1
4908,spam,Subject: ,1
4909,spam,Subject: ,1
4910,spam,Subject: ,1
4911,spam,Subject: ,1
4912,spam,Subject: ,1
4913,spam,Subject: ,1
4914,spam,Subject: ,1
4915,spam,Subject: ,1
4916,spam,Subject: ,1
4917,spam,Subject: ,1
4918,spam,Subject: ,1
4919,spam,Subject: ,1
4920,spam,Subject: ,1
4921,spam,Subject: ,1
4922,spam,Subject: ,1
4923,spam,Subject: ,1
4924,spam,Subject: ,1
4925,spam,Subject: ,1
4926,spam,Subject: ,1
4927,spam,Subject: ,1
4928,spam,Subject: ,1
4929,spam,Subject: ,1
4930,spam,Subject: ,1
4931,spam,Subject: ,1
4932,spam,Subject: ,1
4933,spam,Subject: ,1
4934,spam,Subject: ,1
4935,spam,Subject: ,1
4936,spam,Subject: ,1
4937,spam,Subject: ,1
4938,spam,Subject: ,1
4939,spam,Subject: ,1
4940,spam,Subject: ,1
4941,spam,Subject: ,1
4942,spam,Subject: ,1
4943,spam,Subject: ,1
4944,spam,Subject: ,1
4945,spam,Subject: ,1
4946,spam,Subject: ,1
4947,spam,Subject: ,1
4948,spam,Subject: ,1
4949,spam,Subject: ,1
4950,spam,Subject: ,1
4951,spam,Subject: ,1
4952,spam,Subject: ,1
4953,spam,Subject: ,1
4954,spam,Subject: ,1
4955,spam,Subject: ,1
4956,spam,Subject: ,1
4957,spam,Subject: ,1
4958,spam,Subject: ,1
4959,spam,Subject: ,1
4960,spam,Subject: ,1
4961,spam,Subject: ,1
4962,spam,Subject: ,1
4963,spam,Subject: ,1
4964,spam,Subject: ,1
4965,spam,Subject: ,1
4966,spam,Subject: ,1
4967,spam,Subject: ,1
4968,spam,Subject: ,1
4969,spam,Subject: ,1
4970,spam,Subject: ,1
4971,spam,Subject: ,1
4972,spam,Subject: ,1
4973,spam,Subject: ,1
4974,spam,Subject: ,1
4975,spam,Subject: ,1
4976,spam,Subject: ,1
4977,spam,Subject: ,1
4978,spam,Subject: ,1
4979,spam,Subject: ,1
4980,spam,Subject: ,1
4981,spam,Subject: ,1
4982,spam,Subject: ,1
4983,spam,Subject: ,1
4984,spam,Subject: ,1
4985,spam,Subject: ,1
4986,spam,Subject: ,1
4987,spam,Subject: ,1
4988,spam,Subject: ,1
4989,spam,Subject: ,1
4990,spam,Subject: ,1
4991,spam,Subject: ,1
4992,spam,Subject: ,1
4993,spam,Subject: ,1
4994,spam,Subject: ,1
4995,spam,Subject: ,1
4996,spam,Subject: ,1
4997,spam,Subject: ,1
4998,spam,Subject: ,1
4999,spam,Subject: ,1
5000,spam,Subject: ,1
5001,spam,Subject: ,1
5002,spam,Subject: ,1
5003,spam,Subject: ,1
5004,spam,Subject: ,1
5005,spam,Subject: ,1
5006,spam,Subject: ,1
5007,spam,Subject: ,1
5008,spam,Subject: ,1
5009,spam,Subject: ,1
5010,spam,Subject: ,1
5011,spam,Subject: ,1
5012,spam,Subject: ,1
5013,spam,Subject: ,1
5014,spam,Subject: ,1
5015,spam,Subject: ,1
5016,spam,Subject: ,1
5017,spam,Subject: ,1
5018,spam,Subject: ,1
5019,spam,Subject: ,1
5020,spam,Subject: ,1
5021,spam,Subject: ,1
5022,spam,Subject: ,1
5023,spam,Subject: ,1
5024,spam,Subject: ,1
5025,spam,Subject: ,1
5026,spam,Subject: ,1
5027,spam,Subject: ,1
5028,spam,Subject: ,1
5029,spam,Subject: ,1
5030,spam,Subject: ,1
5031,spam,Subject: ,1
5032,spam,Subject: ,1
5033,spam,Subject: ,1
5034,spam,Subject: ,1
5035,spam,Subject: ,1
5036,spam,Subject: ,1
5037,spam,Subject: ,1
5038,spam,Subject: ,1
5039,spam,Subject: ,1
5040,spam,Subject: ,1
5041,spam,Subject: ,1
5042,spam,Subject: ,1
5043,spam,Subject: ,1
5044,spam,Subject: ,1
5045,spam,Subject: ,1
5046,spam,Subject: ,1
5047,spam,Subject: ,1
5048,spam,Subject: ,1
5049,spam,Subject: ,1
5050,spam,Subject: ,1
5051,spam,Subject: ,1
5052,spam,Subject: ,1
5053,spam,Subject: ,1
5054,spam,Subject: ,1
5055,spam,Subject: ,1
5056,spam,Subject: ,1
5057,spam,Subject: ,1
5058,spam,Subject: ,1
5059,spam,Subject: ,1
5060,spam,Subject: ,1
5061,spam,Subject: ,1
5062,spam,Subject: ,1
5063,spam,Subject: ,1
5064,spam,Subject: ,1
5065,spam,Subject: ,1
5066,spam,Subject: ,1
5067,spam,Subject: ,1
5068,spam,Subject: ,1
5069,spam,Subject: ,1
5070,spam,Subject: ,1
5071,spam,Subject: ,1
5072,spam,Subject: ,1
5073,spam,Subject: ,1
5074,spam,Subject: ,1
5075,spam,Subject: ,1
5076,spam,Subject: ,1
5077,spam,Subject: ,1
5078,spam,Subject: ,1
5079,spam,Subject: ,1
5080,spam,Subject: ,1
5081,spam,Subject: ,1
5082,spam,Subject: ,1
5083,spam,Subject: ,1
5084,spam,Subject: ,1
5085,spam,Subject: ,1
5086,spam,Subject: ,1
5087,spam,Subject: ,1
5088,spam,Subject: ,1
5089,spam,Subject: ,1
5090,spam,Subject: ,1
5091,spam,Subject: ,1
5092,spam,Subject: ,1
5093,spam,Subject: ,1
5094,spam,Subject: ,1
5095,spam,Subject: ,1
5096,spam,Subject: ,1
5097,spam,Subject: ,1
5098,spam,Subject: ,1
5099,spam,Subject: ,1
5100,spam,Subject: ,1
5101,spam,Subject: ,1
5102,spam,Subject: ,1
5103,spam,Subject: ,1
5104,spam,Subject: ,1
5105,spam,Subject: ,1
5106,spam,Subject: ,1
5107,spam,Subject: ,1
5108,spam,Subject: ,1
5109,spam,Subject: ,1
5110,spam,Subject: ,1
5111,spam,Subject: ,1
5112,spam,Subject: ,1
5113,spam,Subject: ,1
5114,spam,Subject: ,1
5115,spam,Subject: ,1
5116,spam,Subject: ,1
5117,spam,Subject: ,1
5118,spam,Subject: ,1
5119,spam,Subject: ,1
5120,spam,Subject: ,1
5121,spam,Subject: ,1
5122,spam,Subject: ,1
5123,spam,Subject: ,1
5124,spam,Subject: ,1
5125,spam,Subject: ,1
5126,spam,Subject: ,1
5127,spam,Subject: ,1
5128,spam,Subject: ,1
5129,spam,Subject: ,1
5130,spam,Subject: ,1
5131,spam,Subject: ,1
5132,spam,Subject: ,1
5133,spam,Subject: ,1
5134,spam,Subject: ,1
5135,spam,Subject: ,1
5136,spam,Subject: ,1
5137,spam,Subject: ,1
5138,spam,Subject: ,1
5139,spam,Subject: ,1
5140,spam,Subject: ,1
5141,spam,Subject: ,1
5142,spam,Subject: ,1
5143,spam,Subject: ,1
5144,spam,Subject: ,1
5145,spam,Subject: ,1
5146,spam,Subject: ,1
5147,spam,Subject: ,1
5148,spam,Subject: ,1
5149,spam,Subject: ,1
5150,spam,Subject: ,1
5151,spam,Subject: ,1
5152,spam,Subject: ,1
5153,spam,Subject: ,1
5154,spam,Subject: ,1
5155,spam,Subject: ,1
5156,spam,Subject: ,1
5157,spam,Subject: ,1
5158,spam,Subject: ,1
5159,spam,Subject: ,1
5160,spam,Subject: ,1
5161,spam,Subject: ,1
5162,spam,Subject: ,1
5163,spam,Subject: ,1
5164,spam,Subject: ,1
5165,spam,Subject: ,1
5166,spam,Subject: ,1
5167,spam,Subject: ,1
5168,spam,Subject: ,1
5169,spam,Subject: ,1
5170,spam,Subject: ,1
